Workbook

Sheet Milestone Tracker – IHP
A1: MILESTONE TRACKER — INDIA HERO PROJECT (IHP)
A2: Delivery / Approval / Release dates · Finance tracks Payment · Status column is automatic
A3: Sl. No | B3: Program | C3: Title | D3: Developer | E3: Milestone | F3: Description | G3: Delivery Date | H3: MS Approval Date | I3: Release Date
F75: PORTFOLIO TOTAL | H75: Paid ▶

Sheet Milestone Tracker – MENA
A1: MILESTONE TRACKER — MENA HERO PROJECT
A2: Delivery / Approval / Release dates · Finance tracks Payment · Status column is automatic
A3: Sl. No | B3: Program | C3: Title | D3: Developer | E3: Milestone | F3: Description | G3: Delivery Date | H3: MS Approval Date | I3: Release Date
A4: 1
A14: 2
A23: 3
A33: 4

Sheet Payment Engine
A1: trackRow | K1: isMS | L1: 0
A2: 4 | B2: =IF(ISBLANK(INDEX('Milestone Tracker – IHP'!$B:$B,4)),B1,INDEX('Milestone Tracker – IHP'!$B:$B,4)) -> 0 | C2: =IF(ISBLANK(INDEX('Milestone Tracker – IHP'!$C:$C,4)),C1,INDEX('Milestone Tracker – IHP'!$C:$C,4)) -> 0 | D2: =IF(ISBLANK(INDEX('Milestone Tracker – IHP'!$D:$D,4)),D1,INDEX('Milestone Tracker – IHP'!$D:$D,4)) -> 0 | E2: =IF(ISBLANK(INDEX('Milestone Tracker – IHP'!$E:$E,4)),"",INDEX('Milestone Tracker – IHP'!$E:$E,4)) | F2: =IF(ISBLANK(INDEX('Milestone Tracker – IHP'!$F:$F,4)),"",INDEX('Milestone Tracker – IHP'!$F:$F,4)) | G2: =IF(ISBLANK(INDEX('Milestone Tracker – IHP'!#REF!,4)),"",INDEX('Milestone Tracker – IHP'!#REF!,4)) -> #REF! | H2: =IF(ISBLANK(INDEX('Milestone Tracker – IHP'!$G:$G,4)),"",INDEX('Milestone Tracker – IHP'!$G:$G,4)) | I2: =IF(ISBLANK(INDEX('Milestone Tracker – IHP'!$H:$H,4)),"",INDEX('Milestone Tracker – IHP'!$H:$H,4)) | J2: =IF(ISBLANK(INDEX('Milestone Tracker – IHP'!#REF!,4)),"",INDEX('Milestone Tracker – IHP'!#REF!,4)) -> #REF! | K2: =IF(LEFT($E2,9)="Milestone",1,0) -> 0 | L2: =L1+K2 -> 0
A3: 5 | B3: =IF(ISBLANK(INDEX('Milestone Tracker – IHP'!$B:$B,5)),B2,INDEX('Milestone Tracker – IHP'!$B:$B,5)) -> 0 | C3: =IF(ISBLANK(INDEX('Milestone Tracker – IHP'!$C:$C,5)),C2,INDEX('Milestone Tracker – IHP'!$C:$C,5)) -> 0 | D3: =IF(ISBLANK(INDEX('Milestone Tracker – IHP'!$D:$D,5)),D2,INDEX('Milestone Tracker – IHP'!$D:$D,5)) -> 0 | E3: =IF(ISBLANK(INDEX('Milestone Tracker – IHP'!$E:$E,5)),"",INDEX('Milestone Tracker – IHP'!$E:$E,5)) | F3: =IF(ISBLANK(INDEX('Milestone Tracker – IHP'!$F:$F,5)),"",INDEX('Milestone Tracker – IHP'!$F:$F,5)) | G3: =IF(ISBLANK(INDEX('Milestone Tracker – IHP'!#REF!,5)),"",INDEX('Milestone Tracker – IHP'!#REF!,5)) -> #REF! | H3: =IF(ISBLANK(INDEX('Milestone Tracker – IHP'!$G:$G,5)),"",INDEX('Milestone Tracker – IHP'!$G:$G,5)) | I3: =IF(ISBLANK(INDEX('Milestone Tracker – IHP'!$H:$H,5)),"",INDEX('Milestone Tracker – IHP'!$H:$H,5)) | J3: =IF(ISBLANK(INDEX('Milestone Tracker – IHP'!#REF!,5)),"",INDEX('Milestone Tracker – IHP'!#REF!,5)) -> #REF! | K3: =IF(LEFT($E3,9)="Milestone",1,0) -> 0 | L3: =L2+K3 -> 0
A4: 6 | B4: =IF(ISBLANK(INDEX('Milestone Tracker – IHP'!$B:$B,6)),B3,INDEX('Milestone Tracker – IHP'!$B:$B,6)) -> 0 | C4: =IF(ISBLANK(INDEX('Milestone Tracker – IHP'!$C:$C,6)),C3,INDEX('Milestone Tracker – IHP'!$C:$C,6)) -> 0 | D4: =IF(ISBLANK(INDEX('Milestone Tracker – IHP'!$D:$D,6)),D3,INDEX('Milestone Tracker – IHP'!$D:$D,6)) -> 0 | E4: =IF(ISBLANK(INDEX('Milestone Tracker – IHP'!$E:$E,6)),"",INDEX('Milestone Tracker – IHP'!$E:$E,6)) | F4: =IF(ISBLANK(INDEX('Milestone Tracker – IHP'!$F:$F,6)),"",INDEX('Milestone Tracker – IHP'!$F:$F,6)) | G4: =IF(ISBLANK(INDEX('Milestone Tracker – IHP'!#REF!,6)),"",INDEX('Milestone Tracker – IHP'!#REF!,6)) -> #REF! | H4: =IF(ISBLANK(INDEX('Milestone Tracker – IHP'!$G:$G,6)),"",INDEX('Milestone Tracker – IHP'!$G:$G,6)) | I4: =IF(ISBLANK(INDEX('Milestone Tracker – IHP'!$H:$H,6)),"",INDEX('Milestone Tracker – IHP'!$H:$H,6)) | J4: =IF(ISBLANK(INDEX('Milestone Tracker – IHP'!#REF!,6)),"",INDEX('Milestone Tracker – IHP'!#REF!,6)) -> #REF! | K4: =IF(LEFT($E4,9)="Milestone",1,0) -> 0 | L4: =L3+K4 -> 0
A5: 7 | B5: =IF(ISBLANK(INDEX('Milestone Tracker – IHP'!$B:$B,7)),B4,INDEX('Milestone Tracker – IHP'!$B:$B,7)) -> 0 | C5: =IF(ISBLANK(INDEX('Milestone Tracker – IHP'!$C:$C,7)),C4,INDEX('Milestone Tracker – IHP'!$C:$C,7)) -> 0 | D5: =IF(ISBLANK(INDEX('Milestone Tracker – IHP'!$D:$D,7)),D4,INDEX('Milestone Tracker – IHP'!$D:$D,7)) -> 0 | E5: =IF(ISBLANK(INDEX('Milestone Tracker – IHP'!$E:$E,7)),"",INDEX('Milestone Tracker – IHP'!$E:$E,7)) | F5: =IF(ISBLANK(INDEX('Milestone Tracker – IHP'!$F:$F,7)),"",INDEX('Milestone Tracker – IHP'!$F:$F,7)) | G5: =IF(ISBLANK(INDEX('Milestone Tracker – IHP'!#REF!,7)),"",INDEX('Milestone Tracker – IHP'!#REF!,7)) -> #REF! | H5: =IF(ISBLANK(INDEX('Milestone Tracker – IHP'!$G:$G,7)),"",INDEX('Milestone Tracker – IHP'!$G:$G,7)) | I5: =IF(ISBLANK(INDEX('Milestone Tracker – IHP'!$H:$H,7)),"",INDEX('Milestone Tracker – IHP'!$H:$H,7)) | J5: =IF(ISBLANK(INDEX('Milestone Tracker – IHP'!#REF!,7)),"",INDEX('Milestone Tracker – IHP'!#REF!,7)) -> #REF! | K5: =IF(LEFT($E5,9)="Milestone",1,0) -> 0 | L5: =L4+K5 -> 0
A6: 8 | B6: =IF(ISBLANK(INDEX('Milestone Tracker – IHP'!$B:$B,8)),B5,INDEX('Milestone Tracker – IHP'!$B:$B,8)) -> 0 | C6: =IF(ISBLANK(INDEX('Milestone Tracker – IHP'!$C:$C,8)),C5,INDEX('Milestone Tracker – IHP'!$C:$C,8)) -> 0 | D6: =IF(ISBLANK(INDEX('Milestone Tracker – IHP'!$D:$D,8)),D5,INDEX('Milestone Tracker – IHP'!$D:$D,8)) -> 0 | E6: =IF(ISBLANK(INDEX('Milestone Tracker – IHP'!$E:$E,8)),"",INDEX('Milestone Tracker – IHP'!$E:$E,8)) | F6: =IF(ISBLANK(INDEX('Milestone Tracker – IHP'!$F:$F,8)),"",INDEX('Milestone Tracker – IHP'!$F:$F,8)) | G6: =IF(ISBLANK(INDEX('Milestone Tracker – IHP'!#REF!,8)),"",INDEX('Milestone Tracker – IHP'!#REF!,8)) -> #REF! | H6: =IF(ISBLANK(INDEX('Milestone Tracker – IHP'!$G:$G,8)),"",INDEX('Milestone Tracker – IHP'!$G:$G,8)) | I6: =IF(ISBLANK(INDEX('Milestone Tracker – IHP'!$H:$H,8)),"",INDEX('Milestone Tracker – IHP'!$H:$H,8)) | J6: =IF(ISBLANK(INDEX('Milestone Tracker – IHP'!#REF!,8)),"",INDEX('Milestone Tracker – IHP'!#REF!,8)) -> #REF! | K6: =IF(LEFT($E6,9)="Milestone",1,0) -> 0 | L6: =L5+K6 -> 0
A7: 9 | B7: =IF(ISBLANK(INDEX('Milestone Tracker – IHP'!$B:$B,9)),B6,INDEX('Milestone Tracker – IHP'!$B:$B,9)) -> 0 | C7: =IF(ISBLANK(INDEX('Milestone Tracker – IHP'!$C:$C,9)),C6,INDEX('Milestone Tracker – IHP'!$C:$C,9)) -> 0 | D7: =IF(ISBLANK(INDEX('Milestone Tracker – IHP'!$D:$D,9)),D6,INDEX('Milestone Tracker – IHP'!$D:$D,9)) -> 0 | E7: =IF(ISBLANK(INDEX('Milestone Tracker – IHP'!$E:$E,9)),"",INDEX('Milestone Tracker – IHP'!$E:$E,9)) | F7: =IF(ISBLANK(INDEX('Milestone Tracker – IHP'!$F:$F,9)),"",INDEX('Milestone Tracker – IHP'!$F:$F,9)) | G7: =IF(ISBLANK(INDEX('Milestone Tracker – IHP'!#REF!,9)),"",INDEX('Milestone Tracker – IHP'!#REF!,9)) -> #REF! | H7: =IF(ISBLANK(INDEX('Milestone Tracker – IHP'!$G:$G,9)),"",INDEX('Milestone Tracker – IHP'!$G:$G,9)) | I7: =IF(ISBLANK(INDEX('Milestone Tracker – IHP'!$H:$H,9)),"",INDEX('Milestone Tracker – IHP'!$H:$H,9)) | J7: =IF(ISBLANK(INDEX('Milestone Tracker – IHP'!#REF!,9)),"",INDEX('Milestone Tracker – IHP'!#REF!,9)) -> #REF! | K7: =IF(LEFT($E7,9)="Milestone",1,0) -> 0 | L7: =L6+K7 -> 0
A8: 10 | B8: =IF(ISBLANK(INDEX('Milestone Tracker – IHP'!$B:$B,10)),B7,INDEX('Milestone Tracker – IHP'!$B:$B,10)) -> 0 | C8: =IF(ISBLANK(INDEX('Milestone Tracker – IHP'!$C:$C,10)),C7,INDEX('Milestone Tracker – IHP'!$C:$C,10)) -> 0 | D8: =IF(ISBLANK(INDEX('Milestone Tracker – IHP'!$D:$D,10)),D7,INDEX('Milestone Tracker – IHP'!$D:$D,10)) -> 0 | E8: =IF(ISBLANK(INDEX('Milestone Tracker – IHP'!$E:$E,10)),"",INDEX('Milestone Tracker – IHP'!$E:$E,10)) | F8: =IF(ISBLANK(INDEX('Milestone Tracker – IHP'!$F:$F,10)),"",INDEX('Milestone Tracker – IHP'!$F:$F,10)) | G8: =IF(ISBLANK(INDEX('Milestone Tracker – IHP'!#REF!,10)),"",INDEX('Milestone Tracker – IHP'!#REF!,10)) -> #REF! | H8: =IF(ISBLANK(INDEX('Milestone Tracker – IHP'!$G:$G,10)),"",INDEX('Milestone Tracker – IHP'!$G:$G,10)) | I8: =IF(ISBLANK(INDEX('Milestone Tracker – IHP'!$H:$H,10)),"",INDEX('Milestone Tracker – IHP'!$H:$H,10)) | J8: =IF(ISBLANK(INDEX('Milestone Tracker – IHP'!#REF!,10)),"",INDEX('Milestone Tracker – IHP'!#REF!,10)) -> #REF! | K8: =IF(LEFT($E8,9)="Milestone",1,0) -> 0 | L8: =L7+K8 -> 0
A9: 11 | B9: =IF(ISBLANK(INDEX('Milestone Tracker – IHP'!$B:$B,11)),B8,INDEX('Milestone Tracker – IHP'!$B:$B,11)) -> 0 | C9: =IF(ISBLANK(INDEX('Milestone Tracker – IHP'!$C:$C,11)),C8,INDEX('Milestone Tracker – IHP'!$C:$C,11)) -> 0 | D9: =IF(ISBLANK(INDEX('Milestone Tracker – IHP'!$D:$D,11)),D8,INDEX('Milestone Tracker – IHP'!$D:$D,11)) -> 0 | E9: =IF(ISBLANK(INDEX('Milestone Tracker – IHP'!$E:$E,11)),"",INDEX('Milestone Tracker – IHP'!$E:$E,11)) | F9: =IF(ISBLANK(INDEX('Milestone Tracker – IHP'!$F:$F,11)),"",INDEX('Milestone Tracker – IHP'!$F:$F,11)) | G9: =IF(ISBLANK(INDEX('Milestone Tracker – IHP'!#REF!,11)),"",INDEX('Milestone Tracker – IHP'!#REF!,11)) -> #REF! | H9: =IF(ISBLANK(INDEX('Milestone Tracker – IHP'!$G:$G,11)),"",INDEX('Milestone Tracker – IHP'!$G:$G,11)) | I9: =IF(ISBLANK(INDEX('Milestone Tracker – IHP'!$H:$H,11)),"",INDEX('Milestone Tracker – IHP'!$H:$H,11)) | J9: =IF(ISBLANK(INDEX('Milestone Tracker – IHP'!#REF!,11)),"",INDEX('Milestone Tracker – IHP'!#REF!,11)) -> #REF! | K9: =IF(LEFT($E9,9)="Milestone",1,0) -> 0 | L9: =L8+K9 -> 0
A10: 12 | B10: =IF(ISBLANK(INDEX('Milestone Tracker – IHP'!$B:$B,12)),B9,INDEX('Milestone Tracker – IHP'!$B:$B,12)) -> 0 | C10: =IF(ISBLANK(INDEX('Milestone Tracker – IHP'!$C:$C,12)),C9,INDEX('Milestone Tracker – IHP'!$C:$C,12)) -> 0 | D10: =IF(ISBLANK(INDEX('Milestone Tracker – IHP'!$D:$D,12)),D9,INDEX('Milestone Tracker – IHP'!$D:$D,12)) -> 0 | E10: =IF(ISBLANK(INDEX('Milestone Tracker – IHP'!$E:$E,12)),"",INDEX('Milestone Tracker – IHP'!$E:$E,12)) | F10: =IF(ISBLANK(INDEX('Milestone Tracker – IHP'!$F:$F,12)),"",INDEX('Milestone Tracker – IHP'!$F:$F,12)) | G10: =IF(ISBLANK(INDEX('Milestone Tracker – IHP'!#REF!,12)),"",INDEX('Milestone Tracker – IHP'!#REF!,12)) -> #REF! | H10: =IF(ISBLANK(INDEX('Milestone Tracker – IHP'!$G:$G,12)),"",INDEX('Milestone Tracker – IHP'!$G:$G,12)) | I10: =IF(ISBLANK(INDEX('Milestone Tracker – IHP'!$H:$H,12)),"",INDEX('Milestone Tracker – IHP'!$H:$H,12)) | J10: =IF(ISBLANK(INDEX('Milestone Tracker – IHP'!#REF!,12)),"",INDEX('Milestone Tracker – IHP'!#REF!,12)) -> #REF! | K10: =IF(LEFT($E10,9)="Milestone",1,0) -> 0 | L10: =L9+K10 -> 0
A11: 13 | B11: =IF(ISBLANK(INDEX('Milestone Tracker – IHP'!$B:$B,13)),B10,INDEX('Milestone Tracker – IHP'!$B:$B,13)) -> 0 | C11: =IF(ISBLANK(INDEX('Milestone Tracker – IHP'!$C:$C,13)),C10,INDEX('Milestone Tracker – IHP'!$C:$C,13)) -> 0 | D11: =IF(ISBLANK(INDEX('Milestone Tracker – IHP'!$D:$D,13)),D10,INDEX('Milestone Tracker – IHP'!$D:$D,13)) -> 0 | E11: =IF(ISBLANK(INDEX('Milestone Tracker – IHP'!$E:$E,13)),"",INDEX('Milestone Tracker – IHP'!$E:$E,13)) | F11: =IF(ISBLANK(INDEX('Milestone Tracker – IHP'!$F:$F,13)),"",INDEX('Milestone Tracker – IHP'!$F:$F,13)) | G11: =IF(ISBLANK(INDEX('Milestone Tracker – IHP'!#REF!,13)),"",INDEX('Milestone Tracker – IHP'!#REF!,13)) -> #REF! | H11: =IF(ISBLANK(INDEX('Milestone Tracker – IHP'!$G:$G,13)),"",INDEX('Milestone Tracker – IHP'!$G:$G,13)) | I11: =IF(ISBLANK(INDEX('Milestone Tracker – IHP'!$H:$H,13)),"",INDEX('Milestone Tracker – IHP'!$H:$H,13)) | J11: =IF(ISBLANK(INDEX('Milestone Tracker – IHP'!#REF!,13)),"",INDEX('Milestone Tracker – IHP'!#REF!,13)) -> #REF! | K11: =IF(LEFT($E11,9)="Milestone",1,0) -> 0 | L11: =L10+K11 -> 0
A12: 14 | B12: =IF(ISBLANK(INDEX('Milestone Tracker – IHP'!$B:$B,14)),B11,INDEX('Milestone Tracker – IHP'!$B:$B,14)) -> 0 | C12: =IF(ISBLANK(INDEX('Milestone Tracker – IHP'!$C:$C,14)),C11,INDEX('Milestone Tracker – IHP'!$C:$C,14)) -> 0 | D12: =IF(ISBLANK(INDEX('Milestone Tracker – IHP'!$D:$D,14)),D11,INDEX('Milestone Tracker – IHP'!$D:$D,14)) -> 0 | E12: =IF(ISBLANK(INDEX('Milestone Tracker – IHP'!$E:$E,14)),"",INDEX('Milestone Tracker – IHP'!$E:$E,14)) | F12: =IF(ISBLANK(INDEX('Milestone Tracker – IHP'!$F:$F,14)),"",INDEX('Milestone Tracker – IHP'!$F:$F,14)) | G12: =IF(ISBLANK(INDEX('Milestone Tracker – IHP'!#REF!,14)),"",INDEX('Milestone Tracker – IHP'!#REF!,14)) -> #REF! | H12: =IF(ISBLANK(INDEX('Milestone Tracker – IHP'!$G:$G,14)),"",INDEX('Milestone Tracker – IHP'!$G:$G,14)) | I12: =IF(ISBLANK(INDEX('Milestone Tracker – IHP'!$H:$H,14)),"",INDEX('Milestone Tracker – IHP'!$H:$H,14)) | J12: =IF(ISBLANK(INDEX('Milestone Tracker – IHP'!#REF!,14)),"",INDEX('Milestone Tracker – IHP'!#REF!,14)) -> #REF! | K12: =IF(LEFT($E12,9)="Milestone",1,0) -> 0 | L12: =L11+K12 -> 0
A13: 15 | B13: =IF(ISBLANK(INDEX('Milestone Tracker – IHP'!$B:$B,15)),B12,INDEX('Milestone Tracker – IHP'!$B:$B,15)) -> 0 | C13: =IF(ISBLANK(INDEX('Milestone Tracker – IHP'!$C:$C,15)),C12,INDEX('Milestone Tracker – IHP'!$C:$C,15)) -> 0 | D13: =IF(ISBLANK(INDEX('Milestone Tracker – IHP'!$D:$D,15)),D12,INDEX('Milestone Tracker – IHP'!$D:$D,15)) -> 0 | E13: =IF(ISBLANK(INDEX('Milestone Tracker – IHP'!$E:$E,15)),"",INDEX('Milestone Tracker – IHP'!$E:$E,15)) | F13: =IF(ISBLANK(INDEX('Milestone Tracker – IHP'!$F:$F,15)),"",INDEX('Milestone Tracker – IHP'!$F:$F,15)) | G13: =IF(ISBLANK(INDEX('Milestone Tracker – IHP'!#REF!,15)),"",INDEX('Milestone Tracker – IHP'!#REF!,15)) -> #REF! | H13: =IF(ISBLANK(INDEX('Milestone Tracker – IHP'!$G:$G,15)),"",INDEX('Milestone Tracker – IHP'!$G:$G,15)) | I13: =IF(ISBLANK(INDEX('Milestone Tracker – IHP'!$H:$H,15)),"",INDEX('Milestone Tracker – IHP'!$H:$H,15)) | J13: =IF(ISBLANK(INDEX('Milestone Tracker – IHP'!#REF!,15)),"",INDEX('Milestone Tracker – IHP'!#REF!,15)) -> #REF! | K13: =IF(LEFT($E13,9)="Milestone",1,0) -> 0 | L13: =L12+K13 -> 0
A14: 16 | B14: =IF(ISBLANK(INDEX('Milestone Tracker – IHP'!$B:$B,16)),B13,INDEX('Milestone Tracker – IHP'!$B:$B,16)) -> 0 | C14: =IF(ISBLANK(INDEX('Milestone Tracker – IHP'!$C:$C,16)),C13,INDEX('Milestone Tracker – IHP'!$C:$C,16)) -> 0 | D14: =IF(ISBLANK(INDEX('Milestone Tracker – IHP'!$D:$D,16)),D13,INDEX('Milestone Tracker – IHP'!$D:$D,16)) -> 0 | E14: =IF(ISBLANK(INDEX('Milestone Tracker – IHP'!$E:$E,16)),"",INDEX('Milestone Tracker – IHP'!$E:$E,16)) | F14: =IF(ISBLANK(INDEX('Milestone Tracker – IHP'!$F:$F,16)),"",INDEX('Milestone Tracker – IHP'!$F:$F,16)) | G14: =IF(ISBLANK(INDEX('Milestone Tracker – IHP'!#REF!,16)),"",INDEX('Milestone Tracker – IHP'!#REF!,16)) -> #REF! | H14: =IF(ISBLANK(INDEX('Milestone Tracker – IHP'!$G:$G,16)),"",INDEX('Milestone Tracker – IHP'!$G:$G,16)) | I14: =IF(ISBLANK(INDEX('Milestone Tracker – IHP'!$H:$H,16)),"",INDEX('Milestone Tracker – IHP'!$H:$H,16)) | J14: =IF(ISBLANK(INDEX('Milestone Tracker – IHP'!#REF!,16)),"",INDEX('Milestone Tracker – IHP'!#REF!,16)) -> #REF! | K14: =IF(LEFT($E14,9)="Milestone",1,0) -> 0 | L14: =L13+K14 -> 0
A15: 17 | B15: =IF(ISBLANK(INDEX('Milestone Tracker – IHP'!$B:$B,17)),B14,INDEX('Milestone Tracker – IHP'!$B:$B,17)) -> 0 | C15: =IF(ISBLANK(INDEX('Milestone Tracker – IHP'!$C:$C,17)),C14,INDEX('Milestone Tracker – IHP'!$C:$C,17)) -> 0 | D15: =IF(ISBLANK(INDEX('Milestone Tracker – IHP'!$D:$D,17)),D14,INDEX('Milestone Tracker – IHP'!$D:$D,17)) -> 0 | E15: =IF(ISBLANK(INDEX('Milestone Tracker – IHP'!$E:$E,17)),"",INDEX('Milestone Tracker – IHP'!$E:$E,17)) | F15: =IF(ISBLANK(INDEX('Milestone Tracker – IHP'!$F:$F,17)),"",INDEX('Milestone Tracker – IHP'!$F:$F,17)) | G15: =IF(ISBLANK(INDEX('Milestone Tracker – IHP'!#REF!,17)),"",INDEX('Milestone Tracker – IHP'!#REF!,17)) -> #REF! | H15: =IF(ISBLANK(INDEX('Milestone Tracker – IHP'!$G:$G,17)),"",INDEX('Milestone Tracker – IHP'!$G:$G,17)) | I15: =IF(ISBLANK(INDEX('Milestone Tracker – IHP'!$H:$H,17)),"",INDEX('Milestone Tracker – IHP'!$H:$H,17)) | J15: =IF(ISBLANK(INDEX('Milestone Tracker – IHP'!#REF!,17)),"",INDEX('Milestone Tracker – IHP'!#REF!,17)) -> #REF! | K15: =IF(LEFT($E15,9)="Milestone",1,0) -> 0 | L15: =L14+K15 -> 0
A16: 18 | B16: =IF(ISBLANK(INDEX('Milestone Tracker – IHP'!$B:$B,18)),B15,INDEX('Milestone Tracker – IHP'!$B:$B,18)) -> 0 | C16: =IF(ISBLANK(INDEX('Milestone Tracker – IHP'!$C:$C,18)),C15,INDEX('Milestone Tracker – IHP'!$C:$C,18)) -> 0 | D16: =IF(ISBLANK(INDEX('Milestone Tracker – IHP'!$D:$D,18)),D15,INDEX('Milestone Tracker – IHP'!$D:$D,18)) -> 0 | E16: =IF(ISBLANK(INDEX('Milestone Tracker – IHP'!$E:$E,18)),"",INDEX('Milestone Tracker – IHP'!$E:$E,18)) | F16: =IF(ISBLANK(INDEX('Milestone Tracker – IHP'!$F:$F,18)),"",INDEX('Milestone Tracker – IHP'!$F:$F,18)) | G16: =IF(ISBLANK(INDEX('Milestone Tracker – IHP'!#REF!,18)),"",INDEX('Milestone Tracker – IHP'!#REF!,18)) -> #REF! | H16: =IF(ISBLANK(INDEX('Milestone Tracker – IHP'!$G:$G,18)),"",INDEX('Milestone Tracker – IHP'!$G:$G,18)) | I16: =IF(ISBLANK(INDEX('Milestone Tracker – IHP'!$H:$H,18)),"",INDEX('Milestone Tracker – IHP'!$H:$H,18)) | J16: =IF(ISBLANK(INDEX('Milestone Tracker – IHP'!#REF!,18)),"",INDEX('Milestone Tracker – IHP'!#REF!,18)) -> #REF! | K16: =IF(LEFT($E16,9)="Milestone",1,0) -> 0 | L16: =L15+K16 -> 0
A17: 19 | B17: =IF(ISBLANK(INDEX('Milestone Tracker – IHP'!$B:$B,19)),B16,INDEX('Milestone Tracker – IHP'!$B:$B,19)) -> 0 | C17: =IF(ISBLANK(INDEX('Milestone Tracker – IHP'!$C:$C,19)),C16,INDEX('Milestone Tracker – IHP'!$C:$C,19)) -> 0 | D17: =IF(ISBLANK(INDEX('Milestone Tracker – IHP'!$D:$D,19)),D16,INDEX('Milestone Tracker – IHP'!$D:$D,19)) -> 0 | E17: =IF(ISBLANK(INDEX('Milestone Tracker – IHP'!$E:$E,19)),"",INDEX('Milestone Tracker – IHP'!$E:$E,19)) | F17: =IF(ISBLANK(INDEX('Milestone Tracker – IHP'!$F:$F,19)),"",INDEX('Milestone Tracker – IHP'!$F:$F,19)) | G17: =IF(ISBLANK(INDEX('Milestone Tracker – IHP'!#REF!,19)),"",INDEX('Milestone Tracker – IHP'!#REF!,19)) -> #REF! | H17: =IF(ISBLANK(INDEX('Milestone Tracker – IHP'!$G:$G,19)),"",INDEX('Milestone Tracker – IHP'!$G:$G,19)) | I17: =IF(ISBLANK(INDEX('Milestone Tracker – IHP'!$H:$H,19)),"",INDEX('Milestone Tracker – IHP'!$H:$H,19)) | J17: =IF(ISBLANK(INDEX('Milestone Tracker – IHP'!#REF!,19)),"",INDEX('Milestone Tracker – IHP'!#REF!,19)) -> #REF! | K17: =IF(LEFT($E17,9)="Milestone",1,0) -> 0 | L17: =L16+K17 -> 0
A18: 20 | B18: =IF(ISBLANK(INDEX('Milestone Tracker – IHP'!$B:$B,20)),B17,INDEX('Milestone Tracker – IHP'!$B:$B,20)) -> 0 | C18: =IF(ISBLANK(INDEX('Milestone Tracker – IHP'!$C:$C,20)),C17,INDEX('Milestone Tracker – IHP'!$C:$C,20)) -> 0 | D18: =IF(ISBLANK(INDEX('Milestone Tracker – IHP'!$D:$D,20)),D17,INDEX('Milestone Tracker – IHP'!$D:$D,20)) -> 0 | E18: =IF(ISBLANK(INDEX('Milestone Tracker – IHP'!$E:$E,20)),"",INDEX('Milestone Tracker – IHP'!$E:$E,20)) | F18: =IF(ISBLANK(INDEX('Milestone Tracker – IHP'!$F:$F,20)),"",INDEX('Milestone Tracker – IHP'!$F:$F,20)) | G18: =IF(ISBLANK(INDEX('Milestone Tracker – IHP'!#REF!,20)),"",INDEX('Milestone Tracker – IHP'!#REF!,20)) -> #REF! | H18: =IF(ISBLANK(INDEX('Milestone Tracker – IHP'!$G:$G,20)),"",INDEX('Milestone Tracker – IHP'!$G:$G,20)) | I18: =IF(ISBLANK(INDEX('Milestone Tracker – IHP'!$H:$H,20)),"",INDEX('Milestone Tracker – IHP'!$H:$H,20)) | J18: =IF(ISBLANK(INDEX('Milestone Tracker – IHP'!#REF!,20)),"",INDEX('Milestone Tracker – IHP'!#REF!,20)) -> #REF! | K18: =IF(LEFT($E18,9)="Milestone",1,0) -> 0 | L18: =L17+K18 -> 0
A19: 21 | B19: =IF(ISBLANK(INDEX('Milestone Tracker – IHP'!$B:$B,21)),B18,INDEX('Milestone Tracker – IHP'!$B:$B,21)) -> 0 | C19: =IF(ISBLANK(INDEX('Milestone Tracker – IHP'!$C:$C,21)),C18,INDEX('Milestone Tracker – IHP'!$C:$C,21)) -> 0 | D19: =IF(ISBLANK(INDEX('Milestone Tracker – IHP'!$D:$D,21)),D18,INDEX('Milestone Tracker – IHP'!$D:$D,21)) -> 0 | E19: =IF(ISBLANK(INDEX('Milestone Tracker – IHP'!$E:$E,21)),"",INDEX('Milestone Tracker – IHP'!$E:$E,21)) | F19: =IF(ISBLANK(INDEX('Milestone Tracker – IHP'!$F:$F,21)),"",INDEX('Milestone Tracker – IHP'!$F:$F,21)) | G19: =IF(ISBLANK(INDEX('Milestone Tracker – IHP'!#REF!,21)),"",INDEX('Milestone Tracker – IHP'!#REF!,21)) -> #REF! | H19: =IF(ISBLANK(INDEX('Milestone Tracker – IHP'!$G:$G,21)),"",INDEX('Milestone Tracker – IHP'!$G:$G,21)) | I19: =IF(ISBLANK(INDEX('Milestone Tracker – IHP'!$H:$H,21)),"",INDEX('Milestone Tracker – IHP'!$H:$H,21)) | J19: =IF(ISBLANK(INDEX('Milestone Tracker – IHP'!#REF!,21)),"",INDEX('Milestone Tracker – IHP'!#REF!,21)) -> #REF! | K19: =IF(LEFT($E19,9)="Milestone",1,0) -> 0 | L19: =L18+K19 -> 0
A20: 22 | B20: =IF(ISBLANK(INDEX('Milestone Tracker – IHP'!$B:$B,22)),B19,INDEX('Milestone Tracker – IHP'!$B:$B,22)) -> 0 | C20: =IF(ISBLANK(INDEX('Milestone Tracker – IHP'!$C:$C,22)),C19,INDEX('Milestone Tracker – IHP'!$C:$C,22)) -> 0 | D20: =IF(ISBLANK(INDEX('Milestone Tracker – IHP'!$D:$D,22)),D19,INDEX('Milestone Tracker – IHP'!$D:$D,22)) -> 0 | E20: =IF(ISBLANK(INDEX('Milestone Tracker – IHP'!$E:$E,22)),"",INDEX('Milestone Tracker – IHP'!$E:$E,22)) | F20: =IF(ISBLANK(INDEX('Milestone Tracker – IHP'!$F:$F,22)),"",INDEX('Milestone Tracker – IHP'!$F:$F,22)) | G20: =IF(ISBLANK(INDEX('Milestone Tracker – IHP'!#REF!,22)),"",INDEX('Milestone Tracker – IHP'!#REF!,22)) -> #REF! | H20: =IF(ISBLANK(INDEX('Milestone Tracker – IHP'!$G:$G,22)),"",INDEX('Milestone Tracker – IHP'!$G:$G,22)) | I20: =IF(ISBLANK(INDEX('Milestone Tracker – IHP'!$H:$H,22)),"",INDEX('Milestone Tracker – IHP'!$H:$H,22)) | J20: =IF(ISBLANK(INDEX('Milestone Tracker – IHP'!#REF!,22)),"",INDEX('Milestone Tracker – IHP'!#REF!,22)) -> #REF! | K20: =IF(LEFT($E20,9)="Milestone",1,0) -> 0 | L20: =L19+K20 -> 0
A21: 23 | B21: =IF(ISBLANK(INDEX('Milestone Tracker – IHP'!$B:$B,23)),B20,INDEX('Milestone Tracker – IHP'!$B:$B,23)) -> 0 | C21: =IF(ISBLANK(INDEX('Milestone Tracker – IHP'!$C:$C,23)),C20,INDEX('Milestone Tracker – IHP'!$C:$C,23)) -> 0 | D21: =IF(ISBLANK(INDEX('Milestone Tracker – IHP'!$D:$D,23)),D20,INDEX('Milestone Tracker – IHP'!$D:$D,23)) -> 0 | E21: =IF(ISBLANK(INDEX('Milestone Tracker – IHP'!$E:$E,23)),"",INDEX('Milestone Tracker – IHP'!$E:$E,23)) | F21: =IF(ISBLANK(INDEX('Milestone Tracker – IHP'!$F:$F,23)),"",INDEX('Milestone Tracker – IHP'!$F:$F,23)) | G21: =IF(ISBLANK(INDEX('Milestone Tracker – IHP'!#REF!,23)),"",INDEX('Milestone Tracker – IHP'!#REF!,23)) -> #REF! | H21: =IF(ISBLANK(INDEX('Milestone Tracker – IHP'!$G:$G,23)),"",INDEX('Milestone Tracker – IHP'!$G:$G,23)) | I21: =IF(ISBLANK(INDEX('Milestone Tracker – IHP'!$H:$H,23)),"",INDEX('Milestone Tracker – IHP'!$H:$H,23)) | J21: =IF(ISBLANK(INDEX('Milestone Tracker – IHP'!#REF!,23)),"",INDEX('Milestone Tracker – IHP'!#REF!,23)) -> #REF! | K21: =IF(LEFT($E21,9)="Milestone",1,0) -> 0 | L21: =L20+K21 -> 0
A22: 24 | B22: =IF(ISBLANK(INDEX('Milestone Tracker – IHP'!$B:$B,24)),B21,INDEX('Milestone Tracker – IHP'!$B:$B,24)) -> 0 | C22: =IF(ISBLANK(INDEX('Milestone Tracker – IHP'!$C:$C,24)),C21,INDEX('Milestone Tracker – IHP'!$C:$C,24)) -> 0 | D22: =IF(ISBLANK(INDEX('Milestone Tracker – IHP'!$D:$D,24)),D21,INDEX('Milestone Tracker – IHP'!$D:$D,24)) -> 0 | E22: =IF(ISBLANK(INDEX('Milestone Tracker – IHP'!$E:$E,24)),"",INDEX('Milestone Tracker – IHP'!$E:$E,24)) | F22: =IF(ISBLANK(INDEX('Milestone Tracker – IHP'!$F:$F,24)),"",INDEX('Milestone Tracker – IHP'!$F:$F,24)) | G22: =IF(ISBLANK(INDEX('Milestone Tracker – IHP'!#REF!,24)),"",INDEX('Milestone Tracker – IHP'!#REF!,24)) -> #REF! | H22: =IF(ISBLANK(INDEX('Milestone Tracker – IHP'!$G:$G,24)),"",INDEX('Milestone Tracker – IHP'!$G:$G,24)) | I22: =IF(ISBLANK(INDEX('Milestone Tracker – IHP'!$H:$H,24)),"",INDEX('Milestone Tracker – IHP'!$H:$H,24)) | J22: =IF(ISBLANK(INDEX('Milestone Tracker – IHP'!#REF!,24)),"",INDEX('Milestone Tracker – IHP'!#REF!,24)) -> #REF! | K22: =IF(LEFT($E22,9)="Milestone",1,0) -> 0 | L22: =L21+K22 -> 0
A23: 25 | B23: =IF(ISBLANK(INDEX('Milestone Tracker – IHP'!$B:$B,25)),B22,INDEX('Milestone Tracker – IHP'!$B:$B,25)) -> 0 | C23: =IF(ISBLANK(INDEX('Milestone Tracker – IHP'!$C:$C,25)),C22,INDEX('Milestone Tracker – IHP'!$C:$C,25)) -> 0 | D23: =IF(ISBLANK(INDEX('Milestone Tracker – IHP'!$D:$D,25)),D22,INDEX('Milestone Tracker – IHP'!$D:$D,25)) -> 0 | E23: =IF(ISBLANK(INDEX('Milestone Tracker – IHP'!$E:$E,25)),"",INDEX('Milestone Tracker – IHP'!$E:$E,25)) | F23: =IF(ISBLANK(INDEX('Milestone Tracker – IHP'!$F:$F,25)),"",INDEX('Milestone Tracker – IHP'!$F:$F,25)) | G23: =IF(ISBLANK(INDEX('Milestone Tracker – IHP'!#REF!,25)),"",INDEX('Milestone Tracker – IHP'!#REF!,25)) -> #REF! | H23: =IF(ISBLANK(INDEX('Milestone Tracker – IHP'!$G:$G,25)),"",INDEX('Milestone Tracker – IHP'!$G:$G,25)) | I23: =IF(ISBLANK(INDEX('Milestone Tracker – IHP'!$H:$H,25)),"",INDEX('Milestone Tracker – IHP'!$H:$H,25)) | J23: =IF(ISBLANK(INDEX('Milestone Tracker – IHP'!#REF!,25)),"",INDEX('Milestone Tracker – IHP'!#REF!,25)) -> #REF! | K23: =IF(LEFT($E23,9)="Milestone",1,0) -> 0 | L23: =L22+K23 -> 0
A24: 26 | B24: =IF(ISBLANK(INDEX('Milestone Tracker – IHP'!$B:$B,26)),B23,INDEX('Milestone Tracker – IHP'!$B:$B,26)) -> 0 | C24: =IF(ISBLANK(INDEX('Milestone Tracker – IHP'!$C:$C,26)),C23,INDEX('Milestone Tracker – IHP'!$C:$C,26)) -> 0 | D24: =IF(ISBLANK(INDEX('Milestone Tracker – IHP'!$D:$D,26)),D23,INDEX('Milestone Tracker – IHP'!$D:$D,26)) -> 0 | E24: =IF(ISBLANK(INDEX('Milestone Tracker – IHP'!$E:$E,26)),"",INDEX('Milestone Tracker – IHP'!$E:$E,26)) | F24: =IF(ISBLANK(INDEX('Milestone Tracker – IHP'!$F:$F,26)),"",INDEX('Milestone Tracker – IHP'!$F:$F,26)) | G24: =IF(ISBLANK(INDEX('Milestone Tracker – IHP'!#REF!,26)),"",INDEX('Milestone Tracker – IHP'!#REF!,26)) -> #REF! | H24: =IF(ISBLANK(INDEX('Milestone Tracker – IHP'!$G:$G,26)),"",INDEX('Milestone Tracker – IHP'!$G:$G,26)) | I24: =IF(ISBLANK(INDEX('Milestone Tracker – IHP'!$H:$H,26)),"",INDEX('Milestone Tracker – IHP'!$H:$H,26)) | J24: =IF(ISBLANK(INDEX('Milestone Tracker – IHP'!#REF!,26)),"",INDEX('Milestone Tracker – IHP'!#REF!,26)) -> #REF! | K24: =IF(LEFT($E24,9)="Milestone",1,0) -> 0 | L24: =L23+K24 -> 0
A25: 27 | B25: =IF(ISBLANK(INDEX('Milestone Tracker – IHP'!$B:$B,27)),B24,INDEX('Milestone Tracker – IHP'!$B:$B,27)) -> 0 | C25: =IF(ISBLANK(INDEX('Milestone Tracker – IHP'!$C:$C,27)),C24,INDEX('Milestone Tracker – IHP'!$C:$C,27)) -> 0 | D25: =IF(ISBLANK(INDEX('Milestone Tracker – IHP'!$D:$D,27)),D24,INDEX('Milestone Tracker – IHP'!$D:$D,27)) -> 0 | E25: =IF(ISBLANK(INDEX('Milestone Tracker – IHP'!$E:$E,27)),"",INDEX('Milestone Tracker – IHP'!$E:$E,27)) | F25: =IF(ISBLANK(INDEX('Milestone Tracker – IHP'!$F:$F,27)),"",INDEX('Milestone Tracker – IHP'!$F:$F,27)) | G25: =IF(ISBLANK(INDEX('Milestone Tracker – IHP'!#REF!,27)),"",INDEX('Milestone Tracker – IHP'!#REF!,27)) -> #REF! | H25: =IF(ISBLANK(INDEX('Milestone Tracker – IHP'!$G:$G,27)),"",INDEX('Milestone Tracker – IHP'!$G:$G,27)) | I25: =IF(ISBLANK(INDEX('Milestone Tracker – IHP'!$H:$H,27)),"",INDEX('Milestone Tracker – IHP'!$H:$H,27)) | J25: =IF(ISBLANK(INDEX('Milestone Tracker – IHP'!#REF!,27)),"",INDEX('Milestone Tracker – IHP'!#REF!,27)) -> #REF! | K25: =IF(LEFT($E25,9)="Milestone",1,0) -> 0 | L25: =L24+K25 -> 0
A26: 28 | B26: =IF(ISBLANK(INDEX('Milestone Tracker – IHP'!$B:$B,28)),B25,INDEX('Milestone Tracker – IHP'!$B:$B,28)) -> 0 | C26: =IF(ISBLANK(INDEX('Milestone Tracker – IHP'!$C:$C,28)),C25,INDEX('Milestone Tracker – IHP'!$C:$C,28)) -> 0 | D26: =IF(ISBLANK(INDEX('Milestone Tracker – IHP'!$D:$D,28)),D25,INDEX('Milestone Tracker – IHP'!$D:$D,28)) -> 0 | E26: =IF(ISBLANK(INDEX('Milestone Tracker – IHP'!$E:$E,28)),"",INDEX('Milestone Tracker – IHP'!$E:$E,28)) | F26: =IF(ISBLANK(INDEX('Milestone Tracker – IHP'!$F:$F,28)),"",INDEX('Milestone Tracker – IHP'!$F:$F,28)) | G26: =IF(ISBLANK(INDEX('Milestone Tracker – IHP'!#REF!,28)),"",INDEX('Milestone Tracker – IHP'!#REF!,28)) -> #REF! | H26: =IF(ISBLANK(INDEX('Milestone Tracker – IHP'!$G:$G,28)),"",INDEX('Milestone Tracker – IHP'!$G:$G,28)) | I26: =IF(ISBLANK(INDEX('Milestone Tracker – IHP'!$H:$H,28)),"",INDEX('Milestone Tracker – IHP'!$H:$H,28)) | J26: =IF(ISBLANK(INDEX('Milestone Tracker – IHP'!#REF!,28)),"",INDEX('Milestone Tracker – IHP'!#REF!,28)) -> #REF! | K26: =IF(LEFT($E26,9)="Milestone",1,0) -> 0 | L26: =L25+K26 -> 0
A27: 29 | B27: =IF(ISBLANK(INDEX('Milestone Tracker – IHP'!$B:$B,29)),B26,INDEX('Milestone Tracker – IHP'!$B:$B,29)) -> 0 | C27: =IF(ISBLANK(INDEX('Milestone Tracker – IHP'!$C:$C,29)),C26,INDEX('Milestone Tracker – IHP'!$C:$C,29)) -> 0 | D27: =IF(ISBLANK(INDEX('Milestone Tracker – IHP'!$D:$D,29)),D26,INDEX('Milestone Tracker – IHP'!$D:$D,29)) -> 0 | E27: =IF(ISBLANK(INDEX('Milestone Tracker – IHP'!$E:$E,29)),"",INDEX('Milestone Tracker – IHP'!$E:$E,29)) | F27: =IF(ISBLANK(INDEX('Milestone Tracker – IHP'!$F:$F,29)),"",INDEX('Milestone Tracker – IHP'!$F:$F,29)) | G27: =IF(ISBLANK(INDEX('Milestone Tracker – IHP'!#REF!,29)),"",INDEX('Milestone Tracker – IHP'!#REF!,29)) -> #REF! | H27: =IF(ISBLANK(INDEX('Milestone Tracker – IHP'!$G:$G,29)),"",INDEX('Milestone Tracker – IHP'!$G:$G,29)) | I27: =IF(ISBLANK(INDEX('Milestone Tracker – IHP'!$H:$H,29)),"",INDEX('Milestone Tracker – IHP'!$H:$H,29)) | J27: =IF(ISBLANK(INDEX('Milestone Tracker – IHP'!#REF!,29)),"",INDEX('Milestone Tracker – IHP'!#REF!,29)) -> #REF! | K27: =IF(LEFT($E27,9)="Milestone",1,0) -> 0 | L27: =L26+K27 -> 0
A28: 30 | B28: =IF(ISBLANK(INDEX('Milestone Tracker – IHP'!$B:$B,30)),B27,INDEX('Milestone Tracker – IHP'!$B:$B,30)) -> 0 | C28: =IF(ISBLANK(INDEX('Milestone Tracker – IHP'!$C:$C,30)),C27,INDEX('Milestone Tracker – IHP'!$C:$C,30)) -> 0 | D28: =IF(ISBLANK(INDEX('Milestone Tracker – IHP'!$D:$D,30)),D27,INDEX('Milestone Tracker – IHP'!$D:$D,30)) -> 0 | E28: =IF(ISBLANK(INDEX('Milestone Tracker – IHP'!$E:$E,30)),"",INDEX('Milestone Tracker – IHP'!$E:$E,30)) | F28: =IF(ISBLANK(INDEX('Milestone Tracker – IHP'!$F:$F,30)),"",INDEX('Milestone Tracker – IHP'!$F:$F,30)) | G28: =IF(ISBLANK(INDEX('Milestone Tracker – IHP'!#REF!,30)),"",INDEX('Milestone Tracker – IHP'!#REF!,30)) -> #REF! | H28: =IF(ISBLANK(INDEX('Milestone Tracker – IHP'!$G:$G,30)),"",INDEX('Milestone Tracker – IHP'!$G:$G,30)) | I28: =IF(ISBLANK(INDEX('Milestone Tracker – IHP'!$H:$H,30)),"",INDEX('Milestone Tracker – IHP'!$H:$H,30)) | J28: =IF(ISBLANK(INDEX('Milestone Tracker – IHP'!#REF!,30)),"",INDEX('Milestone Tracker – IHP'!#REF!,30)) -> #REF! | K28: =IF(LEFT($E28,9)="Milestone",1,0) -> 0 | L28: =L27+K28 -> 0
A29: 31 | B29: =IF(ISBLANK(INDEX('Milestone Tracker – IHP'!$B:$B,31)),B28,INDEX('Milestone Tracker – IHP'!$B:$B,31)) -> 0 | C29: =IF(ISBLANK(INDEX('Milestone Tracker – IHP'!$C:$C,31)),C28,INDEX('Milestone Tracker – IHP'!$C:$C,31)) -> 0 | D29: =IF(ISBLANK(INDEX('Milestone Tracker – IHP'!$D:$D,31)),D28,INDEX('Milestone Tracker – IHP'!$D:$D,31)) -> 0 | E29: =IF(ISBLANK(INDEX('Milestone Tracker – IHP'!$E:$E,31)),"",INDEX('Milestone Tracker – IHP'!$E:$E,31)) | F29: =IF(ISBLANK(INDEX('Milestone Tracker – IHP'!$F:$F,31)),"",INDEX('Milestone Tracker – IHP'!$F:$F,31)) | G29: =IF(ISBLANK(INDEX('Milestone Tracker – IHP'!#REF!,31)),"",INDEX('Milestone Tracker – IHP'!#REF!,31)) -> #REF! | H29: =IF(ISBLANK(INDEX('Milestone Tracker – IHP'!$G:$G,31)),"",INDEX('Milestone Tracker – IHP'!$G:$G,31)) | I29: =IF(ISBLANK(INDEX('Milestone Tracker – IHP'!$H:$H,31)),"",INDEX('Milestone Tracker – IHP'!$H:$H,31)) | J29: =IF(ISBLANK(INDEX('Milestone Tracker – IHP'!#REF!,31)),"",INDEX('Milestone Tracker – IHP'!#REF!,31)) -> #REF! | K29: =IF(LEFT($E29,9)="Milestone",1,0) -> 0 | L29: =L28+K29 -> 0
A30: 32 | B30: =IF(ISBLANK(INDEX('Milestone Tracker – IHP'!$B:$B,32)),B29,INDEX('Milestone Tracker – IHP'!$B:$B,32)) -> 0 | C30: =IF(ISBLANK(INDEX('Milestone Tracker – IHP'!$C:$C,32)),C29,INDEX('Milestone Tracker – IHP'!$C:$C,32)) -> 0 | D30: =IF(ISBLANK(INDEX('Milestone Tracker – IHP'!$D:$D,32)),D29,INDEX('Milestone Tracker – IHP'!$D:$D,32)) -> 0 | E30: =IF(ISBLANK(INDEX('Milestone Tracker – IHP'!$E:$E,32)),"",INDEX('Milestone Tracker – IHP'!$E:$E,32)) | F30: =IF(ISBLANK(INDEX('Milestone Tracker – IHP'!$F:$F,32)),"",INDEX('Milestone Tracker – IHP'!$F:$F,32)) | G30: =IF(ISBLANK(INDEX('Milestone Tracker – IHP'!#REF!,32)),"",INDEX('Milestone Tracker – IHP'!#REF!,32)) -> #REF! | H30: =IF(ISBLANK(INDEX('Milestone Tracker – IHP'!$G:$G,32)),"",INDEX('Milestone Tracker – IHP'!$G:$G,32)) | I30: =IF(ISBLANK(INDEX('Milestone Tracker – IHP'!$H:$H,32)),"",INDEX('Milestone Tracker – IHP'!$H:$H,32)) | J30: =IF(ISBLANK(INDEX('Milestone Tracker – IHP'!#REF!,32)),"",INDEX('Milestone Tracker – IHP'!#REF!,32)) -> #REF! | K30: =IF(LEFT($E30,9)="Milestone",1,0) -> 0 | L30: =L29+K30 -> 0
A31: 33 | B31: =IF(ISBLANK(INDEX('Milestone Tracker – IHP'!$B:$B,33)),B30,INDEX('Milestone Tracker – IHP'!$B:$B,33)) -> 0 | C31: =IF(ISBLANK(INDEX('Milestone Tracker – IHP'!$C:$C,33)),C30,INDEX('Milestone Tracker – IHP'!$C:$C,33)) -> 0 | D31: =IF(ISBLANK(INDEX('Milestone Tracker – IHP'!$D:$D,33)),D30,INDEX('Milestone Tracker – IHP'!$D:$D,33)) -> 0 | E31: =IF(ISBLANK(INDEX('Milestone Tracker – IHP'!$E:$E,33)),"",INDEX('Milestone Tracker – IHP'!$E:$E,33)) | F31: =IF(ISBLANK(INDEX('Milestone Tracker – IHP'!$F:$F,33)),"",INDEX('Milestone Tracker – IHP'!$F:$F,33)) | G31: =IF(ISBLANK(INDEX('Milestone Tracker – IHP'!#REF!,33)),"",INDEX('Milestone Tracker – IHP'!#REF!,33)) -> #REF! | H31: =IF(ISBLANK(INDEX('Milestone Tracker – IHP'!$G:$G,33)),"",INDEX('Milestone Tracker – IHP'!$G:$G,33)) | I31: =IF(ISBLANK(INDEX('Milestone Tracker – IHP'!$H:$H,33)),"",INDEX('Milestone Tracker – IHP'!$H:$H,33)) | J31: =IF(ISBLANK(INDEX('Milestone Tracker – IHP'!#REF!,33)),"",INDEX('Milestone Tracker – IHP'!#REF!,33)) -> #REF! | K31: =IF(LEFT($E31,9)="Milestone",1,0) -> 0 | L31: =L30+K31 -> 0
A32: 34 | B32: =IF(ISBLANK(INDEX('Milestone Tracker – IHP'!$B:$B,34)),B31,INDEX('Milestone Tracker – IHP'!$B:$B,34)) -> 0 | C32: =IF(ISBLANK(INDEX('Milestone Tracker – IHP'!$C:$C,34)),C31,INDEX('Milestone Tracker – IHP'!$C:$C,34)) -> 0 | D32: =IF(ISBLANK(INDEX('Milestone Tracker – IHP'!$D:$D,34)),D31,INDEX('Milestone Tracker – IHP'!$D:$D,34)) -> 0 | E32: =IF(ISBLANK(INDEX('Milestone Tracker – IHP'!$E:$E,34)),"",INDEX('Milestone Tracker – IHP'!$E:$E,34)) | F32: =IF(ISBLANK(INDEX('Milestone Tracker – IHP'!$F:$F,34)),"",INDEX('Milestone Tracker – IHP'!$F:$F,34)) | G32: =IF(ISBLANK(INDEX('Milestone Tracker – IHP'!#REF!,34)),"",INDEX('Milestone Tracker – IHP'!#REF!,34)) -> #REF! | H32: =IF(ISBLANK(INDEX('Milestone Tracker – IHP'!$G:$G,34)),"",INDEX('Milestone Tracker – IHP'!$G:$G,34)) | I32: =IF(ISBLANK(INDEX('Milestone Tracker – IHP'!$H:$H,34)),"",INDEX('Milestone Tracker – IHP'!$H:$H,34)) | J32: =IF(ISBLANK(INDEX('Milestone Tracker – IHP'!#REF!,34)),"",INDEX('Milestone Tracker – IHP'!#REF!,34)) -> #REF! | K32: =IF(LEFT($E32,9)="Milestone",1,0) -> 0 | L32: =L31+K32 -> 0
A33: 35 | B33: =IF(ISBLANK(INDEX('Milestone Tracker – IHP'!$B:$B,35)),B32,INDEX('Milestone Tracker – IHP'!$B:$B,35)) -> 0 | C33: =IF(ISBLANK(INDEX('Milestone Tracker – IHP'!$C:$C,35)),C32,INDEX('Milestone Tracker – IHP'!$C:$C,35)) -> 0 | D33: =IF(ISBLANK(INDEX('Milestone Tracker – IHP'!$D:$D,35)),D32,INDEX('Milestone Tracker – IHP'!$D:$D,35)) -> 0 | E33: =IF(ISBLANK(INDEX('Milestone Tracker – IHP'!$E:$E,35)),"",INDEX('Milestone Tracker – IHP'!$E:$E,35)) | F33: =IF(ISBLANK(INDEX('Milestone Tracker – IHP'!$F:$F,35)),"",INDEX('Milestone Tracker – IHP'!$F:$F,35)) | G33: =IF(ISBLANK(INDEX('Milestone Tracker – IHP'!#REF!,35)),"",INDEX('Milestone Tracker – IHP'!#REF!,35)) -> #REF! | H33: =IF(ISBLANK(INDEX('Milestone Tracker – IHP'!$G:$G,35)),"",INDEX('Milestone Tracker – IHP'!$G:$G,35)) | I33: =IF(ISBLANK(INDEX('Milestone Tracker – IHP'!$H:$H,35)),"",INDEX('Milestone Tracker – IHP'!$H:$H,35)) | J33: =IF(ISBLANK(INDEX('Milestone Tracker – IHP'!#REF!,35)),"",INDEX('Milestone Tracker – IHP'!#REF!,35)) -> #REF! | K33: =IF(LEFT($E33,9)="Milestone",1,0) -> 0 | L33: =L32+K33 -> 0
A34: 36 | B34: =IF(ISBLANK(INDEX('Milestone Tracker – IHP'!$B:$B,36)),B33,INDEX('Milestone Tracker – IHP'!$B:$B,36)) -> 0 | C34: =IF(ISBLANK(INDEX('Milestone Tracker – IHP'!$C:$C,36)),C33,INDEX('Milestone Tracker – IHP'!$C:$C,36)) -> 0 | D34: =IF(ISBLANK(INDEX('Milestone Tracker – IHP'!$D:$D,36)),D33,INDEX('Milestone Tracker – IHP'!$D:$D,36)) -> 0 | E34: =IF(ISBLANK(INDEX('Milestone Tracker – IHP'!$E:$E,36)),"",INDEX('Milestone Tracker – IHP'!$E:$E,36)) | F34: =IF(ISBLANK(INDEX('Milestone Tracker – IHP'!$F:$F,36)),"",INDEX('Milestone Tracker – IHP'!$F:$F,36)) | G34: =IF(ISBLANK(INDEX('Milestone Tracker – IHP'!#REF!,36)),"",INDEX('Milestone Tracker – IHP'!#REF!,36)) -> #REF! | H34: =IF(ISBLANK(INDEX('Milestone Tracker – IHP'!$G:$G,36)),"",INDEX('Milestone Tracker – IHP'!$G:$G,36)) | I34: =IF(ISBLANK(INDEX('Milestone Tracker – IHP'!$H:$H,36)),"",INDEX('Milestone Tracker – IHP'!$H:$H,36)) | J34: =IF(ISBLANK(INDEX('Milestone Tracker – IHP'!#REF!,36)),"",INDEX('Milestone Tracker – IHP'!#REF!,36)) -> #REF! | K34: =IF(LEFT($E34,9)="Milestone",1,0) -> 0 | L34: =L33+K34 -> 0
A35: 37 | B35: =IF(ISBLANK(INDEX('Milestone Tracker – IHP'!$B:$B,37)),B34,INDEX('Milestone Tracker – IHP'!$B:$B,37)) -> 0 | C35: =IF(ISBLANK(INDEX('Milestone Tracker – IHP'!$C:$C,37)),C34,INDEX('Milestone Tracker – IHP'!$C:$C,37)) -> 0 | D35: =IF(ISBLANK(INDEX('Milestone Tracker – IHP'!$D:$D,37)),D34,INDEX('Milestone Tracker – IHP'!$D:$D,37)) -> 0 | E35: =IF(ISBLANK(INDEX('Milestone Tracker – IHP'!$E:$E,37)),"",INDEX('Milestone Tracker – IHP'!$E:$E,37)) | F35: =IF(ISBLANK(INDEX('Milestone Tracker – IHP'!$F:$F,37)),"",INDEX('Milestone Tracker – IHP'!$F:$F,37)) | G35: =IF(ISBLANK(INDEX('Milestone Tracker – IHP'!#REF!,37)),"",INDEX('Milestone Tracker – IHP'!#REF!,37)) -> #REF! | H35: =IF(ISBLANK(INDEX('Milestone Tracker – IHP'!$G:$G,37)),"",INDEX('Milestone Tracker – IHP'!$G:$G,37)) | I35: =IF(ISBLANK(INDEX('Milestone Tracker – IHP'!$H:$H,37)),"",INDEX('Milestone Tracker – IHP'!$H:$H,37)) | J35: =IF(ISBLANK(INDEX('Milestone Tracker – IHP'!#REF!,37)),"",INDEX('Milestone Tracker – IHP'!#REF!,37)) -> #REF! | K35: =IF(LEFT($E35,9)="Milestone",1,0) -> 0 | L35: =L34+K35 -> 0
A36: 38 | B36: =IF(ISBLANK(INDEX('Milestone Tracker – IHP'!$B:$B,38)),B35,INDEX('Milestone Tracker – IHP'!$B:$B,38)) -> 0 | C36: =IF(ISBLANK(INDEX('Milestone Tracker – IHP'!$C:$C,38)),C35,INDEX('Milestone Tracker – IHP'!$C:$C,38)) -> 0 | D36: =IF(ISBLANK(INDEX('Milestone Tracker – IHP'!$D:$D,38)),D35,INDEX('Milestone Tracker – IHP'!$D:$D,38)) -> 0 | E36: =IF(ISBLANK(INDEX('Milestone Tracker – IHP'!$E:$E,38)),"",INDEX('Milestone Tracker – IHP'!$E:$E,38)) | F36: =IF(ISBLANK(INDEX('Milestone Tracker – IHP'!$F:$F,38)),"",INDEX('Milestone Tracker – IHP'!$F:$F,38)) | G36: =IF(ISBLANK(INDEX('Milestone Tracker – IHP'!#REF!,38)),"",INDEX('Milestone Tracker – IHP'!#REF!,38)) -> #REF! | H36: =IF(ISBLANK(INDEX('Milestone Tracker – IHP'!$G:$G,38)),"",INDEX('Milestone Tracker – IHP'!$G:$G,38)) | I36: =IF(ISBLANK(INDEX('Milestone Tracker – IHP'!$H:$H,38)),"",INDEX('Milestone Tracker – IHP'!$H:$H,38)) | J36: =IF(ISBLANK(INDEX('Milestone Tracker – IHP'!#REF!,38)),"",INDEX('Milestone Tracker – IHP'!#REF!,38)) -> #REF! | K36: =IF(LEFT($E36,9)="Milestone",1,0) -> 0 | L36: =L35+K36 -> 0
A37: 39 | B37: =IF(ISBLANK(INDEX('Milestone Tracker – IHP'!$B:$B,39)),B36,INDEX('Milestone Tracker – IHP'!$B:$B,39)) -> 0 | C37: =IF(ISBLANK(INDEX('Milestone Tracker – IHP'!$C:$C,39)),C36,INDEX('Milestone Tracker – IHP'!$C:$C,39)) -> 0 | D37: =IF(ISBLANK(INDEX('Milestone Tracker – IHP'!$D:$D,39)),D36,INDEX('Milestone Tracker – IHP'!$D:$D,39)) -> 0 | E37: =IF(ISBLANK(INDEX('Milestone Tracker – IHP'!$E:$E,39)),"",INDEX('Milestone Tracker – IHP'!$E:$E,39)) | F37: =IF(ISBLANK(INDEX('Milestone Tracker – IHP'!$F:$F,39)),"",INDEX('Milestone Tracker – IHP'!$F:$F,39)) | G37: =IF(ISBLANK(INDEX('Milestone Tracker – IHP'!#REF!,39)),"",INDEX('Milestone Tracker – IHP'!#REF!,39)) -> #REF! | H37: =IF(ISBLANK(INDEX('Milestone Tracker – IHP'!$G:$G,39)),"",INDEX('Milestone Tracker – IHP'!$G:$G,39)) | I37: =IF(ISBLANK(INDEX('Milestone Tracker – IHP'!$H:$H,39)),"",INDEX('Milestone Tracker – IHP'!$H:$H,39)) | J37: =IF(ISBLANK(INDEX('Milestone Tracker – IHP'!#REF!,39)),"",INDEX('Milestone Tracker – IHP'!#REF!,39)) -> #REF! | K37: =IF(LEFT($E37,9)="Milestone",1,0) -> 0 | L37: =L36+K37 -> 0
A38: 40 | B38: =IF(ISBLANK(INDEX('Milestone Tracker – IHP'!$B:$B,40)),B37,INDEX('Milestone Tracker – IHP'!$B:$B,40)) -> 0 | C38: =IF(ISBLANK(INDEX('Milestone Tracker – IHP'!$C:$C,40)),C37,INDEX('Milestone Tracker – IHP'!$C:$C,40)) -> 0 | D38: =IF(ISBLANK(INDEX('Milestone Tracker – IHP'!$D:$D,40)),D37,INDEX('Milestone Tracker – IHP'!$D:$D,40)) -> 0 | E38: =IF(ISBLANK(INDEX('Milestone Tracker – IHP'!$E:$E,40)),"",INDEX('Milestone Tracker – IHP'!$E:$E,40)) | F38: =IF(ISBLANK(INDEX('Milestone Tracker – IHP'!$F:$F,40)),"",INDEX('Milestone Tracker – IHP'!$F:$F,40)) | G38: =IF(ISBLANK(INDEX('Milestone Tracker – IHP'!#REF!,40)),"",INDEX('Milestone Tracker – IHP'!#REF!,40)) -> #REF! | H38: =IF(ISBLANK(INDEX('Milestone Tracker – IHP'!$G:$G,40)),"",INDEX('Milestone Tracker – IHP'!$G:$G,40)) | I38: =IF(ISBLANK(INDEX('Milestone Tracker – IHP'!$H:$H,40)),"",INDEX('Milestone Tracker – IHP'!$H:$H,40)) | J38: =IF(ISBLANK(INDEX('Milestone Tracker – IHP'!#REF!,40)),"",INDEX('Milestone Tracker – IHP'!#REF!,40)) -> #REF! | K38: =IF(LEFT($E38,9)="Milestone",1,0) -> 0 | L38: =L37+K38 -> 0
A39: 41 | B39: =IF(ISBLANK(INDEX('Milestone Tracker – IHP'!$B:$B,41)),B38,INDEX('Milestone Tracker – IHP'!$B:$B,41)) -> 0 | C39: =IF(ISBLANK(INDEX('Milestone Tracker – IHP'!$C:$C,41)),C38,INDEX('Milestone Tracker – IHP'!$C:$C,41)) -> 0 | D39: =IF(ISBLANK(INDEX('Milestone Tracker – IHP'!$D:$D,41)),D38,INDEX('Milestone Tracker – IHP'!$D:$D,41)) -> 0 | E39: =IF(ISBLANK(INDEX('Milestone Tracker – IHP'!$E:$E,41)),"",INDEX('Milestone Tracker – IHP'!$E:$E,41)) | F39: =IF(ISBLANK(INDEX('Milestone Tracker – IHP'!$F:$F,41)),"",INDEX('Milestone Tracker – IHP'!$F:$F,41)) | G39: =IF(ISBLANK(INDEX('Milestone Tracker – IHP'!#REF!,41)),"",INDEX('Milestone Tracker – IHP'!#REF!,41)) -> #REF! | H39: =IF(ISBLANK(INDEX('Milestone Tracker – IHP'!$G:$G,41)),"",INDEX('Milestone Tracker – IHP'!$G:$G,41)) | I39: =IF(ISBLANK(INDEX('Milestone Tracker – IHP'!$H:$H,41)),"",INDEX('Milestone Tracker – IHP'!$H:$H,41)) | J39: =IF(ISBLANK(INDEX('Milestone Tracker – IHP'!#REF!,41)),"",INDEX('Milestone Tracker – IHP'!#REF!,41)) -> #REF! | K39: =IF(LEFT($E39,9)="Milestone",1,0) -> 0 | L39: =L38+K39 -> 0
A40: 42 | B40: =IF(ISBLANK(INDEX('Milestone Tracker – IHP'!$B:$B,42)),B39,INDEX('Milestone Tracker – IHP'!$B:$B,42)) -> 0 | C40: =IF(ISBLANK(INDEX('Milestone Tracker – IHP'!$C:$C,42)),C39,INDEX('Milestone Tracker – IHP'!$C:$C,42)) -> 0 | D40: =IF(ISBLANK(INDEX('Milestone Tracker – IHP'!$D:$D,42)),D39,INDEX('Milestone Tracker – IHP'!$D:$D,42)) -> 0 | E40: =IF(ISBLANK(INDEX('Milestone Tracker – IHP'!$E:$E,42)),"",INDEX('Milestone Tracker – IHP'!$E:$E,42)) | F40: =IF(ISBLANK(INDEX('Milestone Tracker – IHP'!$F:$F,42)),"",INDEX('Milestone Tracker – IHP'!$F:$F,42)) | G40: =IF(ISBLANK(INDEX('Milestone Tracker – IHP'!#REF!,42)),"",INDEX('Milestone Tracker – IHP'!#REF!,42)) -> #REF! | H40: =IF(ISBLANK(INDEX('Milestone Tracker – IHP'!$G:$G,42)),"",INDEX('Milestone Tracker – IHP'!$G:$G,42)) | I40: =IF(ISBLANK(INDEX('Milestone Tracker – IHP'!$H:$H,42)),"",INDEX('Milestone Tracker – IHP'!$H:$H,42)) | J40: =IF(ISBLANK(INDEX('Milestone Tracker – IHP'!#REF!,42)),"",INDEX('Milestone Tracker – IHP'!#REF!,42)) -> #REF! | K40: =IF(LEFT($E40,9)="Milestone",1,0) -> 0 | L40: =L39+K40 -> 0
A41: 43 | B41: =IF(ISBLANK(INDEX('Milestone Tracker – IHP'!$B:$B,43)),B40,INDEX('Milestone Tracker – IHP'!$B:$B,43)) -> 0 | C41: =IF(ISBLANK(INDEX('Milestone Tracker – IHP'!$C:$C,43)),C40,INDEX('Milestone Tracker – IHP'!$C:$C,43)) -> 0 | D41: =IF(ISBLANK(INDEX('Milestone Tracker – IHP'!$D:$D,43)),D40,INDEX('Milestone Tracker – IHP'!$D:$D,43)) -> 0 | E41: =IF(ISBLANK(INDEX('Milestone Tracker – IHP'!$E:$E,43)),"",INDEX('Milestone Tracker – IHP'!$E:$E,43)) | F41: =IF(ISBLANK(INDEX('Milestone Tracker – IHP'!$F:$F,43)),"",INDEX('Milestone Tracker – IHP'!$F:$F,43)) | G41: =IF(ISBLANK(INDEX('Milestone Tracker – IHP'!#REF!,43)),"",INDEX('Milestone Tracker – IHP'!#REF!,43)) -> #REF! | H41: =IF(ISBLANK(INDEX('Milestone Tracker – IHP'!$G:$G,43)),"",INDEX('Milestone Tracker – IHP'!$G:$G,43)) | I41: =IF(ISBLANK(INDEX('Milestone Tracker – IHP'!$H:$H,43)),"",INDEX('Milestone Tracker – IHP'!$H:$H,43)) | J41: =IF(ISBLANK(INDEX('Milestone Tracker – IHP'!#REF!,43)),"",INDEX('Milestone Tracker – IHP'!#REF!,43)) -> #REF! | K41: =IF(LEFT($E41,9)="Milestone",1,0) -> 0 | L41: =L40+K41 -> 0
A42: 44 | B42: =IF(ISBLANK(INDEX('Milestone Tracker – IHP'!$B:$B,44)),B41,INDEX('Milestone Tracker – IHP'!$B:$B,44)) -> 0 | C42: =IF(ISBLANK(INDEX('Milestone Tracker – IHP'!$C:$C,44)),C41,INDEX('Milestone Tracker – IHP'!$C:$C,44)) -> 0 | D42: =IF(ISBLANK(INDEX('Milestone Tracker – IHP'!$D:$D,44)),D41,INDEX('Milestone Tracker – IHP'!$D:$D,44)) -> 0 | E42: =IF(ISBLANK(INDEX('Milestone Tracker – IHP'!$E:$E,44)),"",INDEX('Milestone Tracker – IHP'!$E:$E,44)) | F42: =IF(ISBLANK(INDEX('Milestone Tracker – IHP'!$F:$F,44)),"",INDEX('Milestone Tracker – IHP'!$F:$F,44)) | G42: =IF(ISBLANK(INDEX('Milestone Tracker – IHP'!#REF!,44)),"",INDEX('Milestone Tracker – IHP'!#REF!,44)) -> #REF! | H42: =IF(ISBLANK(INDEX('Milestone Tracker – IHP'!$G:$G,44)),"",INDEX('Milestone Tracker – IHP'!$G:$G,44)) | I42: =IF(ISBLANK(INDEX('Milestone Tracker – IHP'!$H:$H,44)),"",INDEX('Milestone Tracker – IHP'!$H:$H,44)) | J42: =IF(ISBLANK(INDEX('Milestone Tracker – IHP'!#REF!,44)),"",INDEX('Milestone Tracker – IHP'!#REF!,44)) -> #REF! | K42: =IF(LEFT($E42,9)="Milestone",1,0) -> 0 | L42: =L41+K42 -> 0
A43: 45 | B43: =IF(ISBLANK(INDEX('Milestone Tracker – IHP'!$B:$B,45)),B42,INDEX('Milestone Tracker – IHP'!$B:$B,45)) -> 0 | C43: =IF(ISBLANK(INDEX('Milestone Tracker – IHP'!$C:$C,45)),C42,INDEX('Milestone Tracker – IHP'!$C:$C,45)) -> 0 | D43: =IF(ISBLANK(INDEX('Milestone Tracker – IHP'!$D:$D,45)),D42,INDEX('Milestone Tracker – IHP'!$D:$D,45)) -> 0 | E43: =IF(ISBLANK(INDEX('Milestone Tracker – IHP'!$E:$E,45)),"",INDEX('Milestone Tracker – IHP'!$E:$E,45)) | F43: =IF(ISBLANK(INDEX('Milestone Tracker – IHP'!$F:$F,45)),"",INDEX('Milestone Tracker – IHP'!$F:$F,45)) | G43: =IF(ISBLANK(INDEX('Milestone Tracker – IHP'!#REF!,45)),"",INDEX('Milestone Tracker – IHP'!#REF!,45)) -> #REF! | H43: =IF(ISBLANK(INDEX('Milestone Tracker – IHP'!$G:$G,45)),"",INDEX('Milestone Tracker – IHP'!$G:$G,45)) | I43: =IF(ISBLANK(INDEX('Milestone Tracker – IHP'!$H:$H,45)),"",INDEX('Milestone Tracker – IHP'!$H:$H,45)) | J43: =IF(ISBLANK(INDEX('Milestone Tracker – IHP'!#REF!,45)),"",INDEX('Milestone Tracker – IHP'!#REF!,45)) -> #REF! | K43: =IF(LEFT($E43,9)="Milestone",1,0) -> 0 | L43: =L42+K43 -> 0
A44: 46 | B44: =IF(ISBLANK(INDEX('Milestone Tracker – IHP'!$B:$B,46)),B43,INDEX('Milestone Tracker – IHP'!$B:$B,46)) -> 0 | C44: =IF(ISBLANK(INDEX('Milestone Tracker – IHP'!$C:$C,46)),C43,INDEX('Milestone Tracker – IHP'!$C:$C,46)) -> 0 | D44: =IF(ISBLANK(INDEX('Milestone Tracker – IHP'!$D:$D,46)),D43,INDEX('Milestone Tracker – IHP'!$D:$D,46)) -> 0 | E44: =IF(ISBLANK(INDEX('Milestone Tracker – IHP'!$E:$E,46)),"",INDEX('Milestone Tracker – IHP'!$E:$E,46)) | F44: =IF(ISBLANK(INDEX('Milestone Tracker – IHP'!$F:$F,46)),"",INDEX('Milestone Tracker – IHP'!$F:$F,46)) | G44: =IF(ISBLANK(INDEX('Milestone Tracker – IHP'!#REF!,46)),"",INDEX('Milestone Tracker – IHP'!#REF!,46)) -> #REF! | H44: =IF(ISBLANK(INDEX('Milestone Tracker – IHP'!$G:$G,46)),"",INDEX('Milestone Tracker – IHP'!$G:$G,46)) | I44: =IF(ISBLANK(INDEX('Milestone Tracker – IHP'!$H:$H,46)),"",INDEX('Milestone Tracker – IHP'!$H:$H,46)) | J44: =IF(ISBLANK(INDEX('Milestone Tracker – IHP'!#REF!,46)),"",INDEX('Milestone Tracker – IHP'!#REF!,46)) -> #REF! | K44: =IF(LEFT($E44,9)="Milestone",1,0) -> 0 | L44: =L43+K44 -> 0
A45: 47 | B45: =IF(ISBLANK(INDEX('Milestone Tracker – IHP'!$B:$B,47)),B44,INDEX('Milestone Tracker – IHP'!$B:$B,47)) -> 0 | C45: =IF(ISBLANK(INDEX('Milestone Tracker – IHP'!$C:$C,47)),C44,INDEX('Milestone Tracker – IHP'!$C:$C,47)) -> 0 | D45: =IF(ISBLANK(INDEX('Milestone Tracker – IHP'!$D:$D,47)),D44,INDEX('Milestone Tracker – IHP'!$D:$D,47)) -> 0 | E45: =IF(ISBLANK(INDEX('Milestone Tracker – IHP'!$E:$E,47)),"",INDEX('Milestone Tracker – IHP'!$E:$E,47)) | F45: =IF(ISBLANK(INDEX('Milestone Tracker – IHP'!$F:$F,47)),"",INDEX('Milestone Tracker – IHP'!$F:$F,47)) | G45: =IF(ISBLANK(INDEX('Milestone Tracker – IHP'!#REF!,47)),"",INDEX('Milestone Tracker – IHP'!#REF!,47)) -> #REF! | H45: =IF(ISBLANK(INDEX('Milestone Tracker – IHP'!$G:$G,47)),"",INDEX('Milestone Tracker – IHP'!$G:$G,47)) | I45: =IF(ISBLANK(INDEX('Milestone Tracker – IHP'!$H:$H,47)),"",INDEX('Milestone Tracker – IHP'!$H:$H,47)) | J45: =IF(ISBLANK(INDEX('Milestone Tracker – IHP'!#REF!,47)),"",INDEX('Milestone Tracker – IHP'!#REF!,47)) -> #REF! | K45: =IF(LEFT($E45,9)="Milestone",1,0) -> 0 | L45: =L44+K45 -> 0
A46: 48 | B46: =IF(ISBLANK(INDEX('Milestone Tracker – IHP'!$B:$B,48)),B45,INDEX('Milestone Tracker – IHP'!$B:$B,48)) -> 0 | C46: =IF(ISBLANK(INDEX('Milestone Tracker – IHP'!$C:$C,48)),C45,INDEX('Milestone Tracker – IHP'!$C:$C,48)) -> 0 | D46: =IF(ISBLANK(INDEX('Milestone Tracker – IHP'!$D:$D,48)),D45,INDEX('Milestone Tracker – IHP'!$D:$D,48)) -> 0 | E46: =IF(ISBLANK(INDEX('Milestone Tracker – IHP'!$E:$E,48)),"",INDEX('Milestone Tracker – IHP'!$E:$E,48)) | F46: =IF(ISBLANK(INDEX('Milestone Tracker – IHP'!$F:$F,48)),"",INDEX('Milestone Tracker – IHP'!$F:$F,48)) | G46: =IF(ISBLANK(INDEX('Milestone Tracker – IHP'!#REF!,48)),"",INDEX('Milestone Tracker – IHP'!#REF!,48)) -> #REF! | H46: =IF(ISBLANK(INDEX('Milestone Tracker – IHP'!$G:$G,48)),"",INDEX('Milestone Tracker – IHP'!$G:$G,48)) | I46: =IF(ISBLANK(INDEX('Milestone Tracker – IHP'!$H:$H,48)),"",INDEX('Milestone Tracker – IHP'!$H:$H,48)) | J46: =IF(ISBLANK(INDEX('Milestone Tracker – IHP'!#REF!,48)),"",INDEX('Milestone Tracker – IHP'!#REF!,48)) -> #REF! | K46: =IF(LEFT($E46,9)="Milestone",1,0) -> 0 | L46: =L45+K46 -> 0
A47: 49 | B47: =IF(ISBLANK(INDEX('Milestone Tracker – IHP'!$B:$B,49)),B46,INDEX('Milestone Tracker – IHP'!$B:$B,49)) -> 0 | C47: =IF(ISBLANK(INDEX('Milestone Tracker – IHP'!$C:$C,49)),C46,INDEX('Milestone Tracker – IHP'!$C:$C,49)) -> 0 | D47: =IF(ISBLANK(INDEX('Milestone Tracker – IHP'!$D:$D,49)),D46,INDEX('Milestone Tracker – IHP'!$D:$D,49)) -> 0 | E47: =IF(ISBLANK(INDEX('Milestone Tracker – IHP'!$E:$E,49)),"",INDEX('Milestone Tracker – IHP'!$E:$E,49)) | F47: =IF(ISBLANK(INDEX('Milestone Tracker – IHP'!$F:$F,49)),"",INDEX('Milestone Tracker – IHP'!$F:$F,49)) | G47: =IF(ISBLANK(INDEX('Milestone Tracker – IHP'!#REF!,49)),"",INDEX('Milestone Tracker – IHP'!#REF!,49)) -> #REF! | H47: =IF(ISBLANK(INDEX('Milestone Tracker – IHP'!$G:$G,49)),"",INDEX('Milestone Tracker – IHP'!$G:$G,49)) | I47: =IF(ISBLANK(INDEX('Milestone Tracker – IHP'!$H:$H,49)),"",INDEX('Milestone Tracker – IHP'!$H:$H,49)) | J47: =IF(ISBLANK(INDEX('Milestone Tracker – IHP'!#REF!,49)),"",INDEX('Milestone Tracker – IHP'!#REF!,49)) -> #REF! | K47: =IF(LEFT($E47,9)="Milestone",1,0) -> 0 | L47: =L46+K47 -> 0
A48: 50 | B48: =IF(ISBLANK(INDEX('Milestone Tracker – IHP'!$B:$B,50)),B47,INDEX('Milestone Tracker – IHP'!$B:$B,50)) -> 0 | C48: =IF(ISBLANK(INDEX('Milestone Tracker – IHP'!$C:$C,50)),C47,INDEX('Milestone Tracker – IHP'!$C:$C,50)) -> 0 | D48: =IF(ISBLANK(INDEX('Milestone Tracker – IHP'!$D:$D,50)),D47,INDEX('Milestone Tracker – IHP'!$D:$D,50)) -> 0 | E48: =IF(ISBLANK(INDEX('Milestone Tracker – IHP'!$E:$E,50)),"",INDEX('Milestone Tracker – IHP'!$E:$E,50)) | F48: =IF(ISBLANK(INDEX('Milestone Tracker – IHP'!$F:$F,50)),"",INDEX('Milestone Tracker – IHP'!$F:$F,50)) | G48: =IF(ISBLANK(INDEX('Milestone Tracker – IHP'!#REF!,50)),"",INDEX('Milestone Tracker – IHP'!#REF!,50)) -> #REF! | H48: =IF(ISBLANK(INDEX('Milestone Tracker – IHP'!$G:$G,50)),"",INDEX('Milestone Tracker – IHP'!$G:$G,50)) | I48: =IF(ISBLANK(INDEX('Milestone Tracker – IHP'!$H:$H,50)),"",INDEX('Milestone Tracker – IHP'!$H:$H,50)) | J48: =IF(ISBLANK(INDEX('Milestone Tracker – IHP'!#REF!,50)),"",INDEX('Milestone Tracker – IHP'!#REF!,50)) -> #REF! | K48: =IF(LEFT($E48,9)="Milestone",1,0) -> 0 | L48: =L47+K48 -> 0
A49: 51 | B49: =IF(ISBLANK(INDEX('Milestone Tracker – IHP'!$B:$B,51)),B48,INDEX('Milestone Tracker – IHP'!$B:$B,51)) -> 0 | C49: =IF(ISBLANK(INDEX('Milestone Tracker – IHP'!$C:$C,51)),C48,INDEX('Milestone Tracker – IHP'!$C:$C,51)) -> 0 | D49: =IF(ISBLANK(INDEX('Milestone Tracker – IHP'!$D:$D,51)),D48,INDEX('Milestone Tracker – IHP'!$D:$D,51)) -> 0 | E49: =IF(ISBLANK(INDEX('Milestone Tracker – IHP'!$E:$E,51)),"",INDEX('Milestone Tracker – IHP'!$E:$E,51)) | F49: =IF(ISBLANK(INDEX('Milestone Tracker – IHP'!$F:$F,51)),"",INDEX('Milestone Tracker – IHP'!$F:$F,51)) | G49: =IF(ISBLANK(INDEX('Milestone Tracker – IHP'!#REF!,51)),"",INDEX('Milestone Tracker – IHP'!#REF!,51)) -> #REF! | H49: =IF(ISBLANK(INDEX('Milestone Tracker – IHP'!$G:$G,51)),"",INDEX('Milestone Tracker – IHP'!$G:$G,51)) | I49: =IF(ISBLANK(INDEX('Milestone Tracker – IHP'!$H:$H,51)),"",INDEX('Milestone Tracker – IHP'!$H:$H,51)) | J49: =IF(ISBLANK(INDEX('Milestone Tracker – IHP'!#REF!,51)),"",INDEX('Milestone Tracker – IHP'!#REF!,51)) -> #REF! | K49: =IF(LEFT($E49,9)="Milestone",1,0) -> 0 | L49: =L48+K49 -> 0
A50: 52 | B50: =IF(ISBLANK(INDEX('Milestone Tracker – IHP'!$B:$B,52)),B49,INDEX('Milestone Tracker – IHP'!$B:$B,52)) -> 0 | C50: =IF(ISBLANK(INDEX('Milestone Tracker – IHP'!$C:$C,52)),C49,INDEX('Milestone Tracker – IHP'!$C:$C,52)) -> 0 | D50: =IF(ISBLANK(INDEX('Milestone Tracker – IHP'!$D:$D,52)),D49,INDEX('Milestone Tracker – IHP'!$D:$D,52)) -> 0 | E50: =IF(ISBLANK(INDEX('Milestone Tracker – IHP'!$E:$E,52)),"",INDEX('Milestone Tracker – IHP'!$E:$E,52)) | F50: =IF(ISBLANK(INDEX('Milestone Tracker – IHP'!$F:$F,52)),"",INDEX('Milestone Tracker – IHP'!$F:$F,52)) | G50: =IF(ISBLANK(INDEX('Milestone Tracker – IHP'!#REF!,52)),"",INDEX('Milestone Tracker – IHP'!#REF!,52)) -> #REF! | H50: =IF(ISBLANK(INDEX('Milestone Tracker – IHP'!$G:$G,52)),"",INDEX('Milestone Tracker – IHP'!$G:$G,52)) | I50: =IF(ISBLANK(INDEX('Milestone Tracker – IHP'!$H:$H,52)),"",INDEX('Milestone Tracker – IHP'!$H:$H,52)) | J50: =IF(ISBLANK(INDEX('Milestone Tracker – IHP'!#REF!,52)),"",INDEX('Milestone Tracker – IHP'!#REF!,52)) -> #REF! | K50: =IF(LEFT($E50,9)="Milestone",1,0) -> 0 | L50: =L49+K50 -> 0
A51: 53 | B51: =IF(ISBLANK(INDEX('Milestone Tracker – IHP'!$B:$B,53)),B50,INDEX('Milestone Tracker – IHP'!$B:$B,53)) -> 0 | C51: =IF(ISBLANK(INDEX('Milestone Tracker – IHP'!$C:$C,53)),C50,INDEX('Milestone Tracker – IHP'!$C:$C,53)) -> 0 | D51: =IF(ISBLANK(INDEX('Milestone Tracker – IHP'!$D:$D,53)),D50,INDEX('Milestone Tracker – IHP'!$D:$D,53)) -> 0 | E51: =IF(ISBLANK(INDEX('Milestone Tracker – IHP'!$E:$E,53)),"",INDEX('Milestone Tracker – IHP'!$E:$E,53)) | F51: =IF(ISBLANK(INDEX('Milestone Tracker – IHP'!$F:$F,53)),"",INDEX('Milestone Tracker – IHP'!$F:$F,53)) | G51: =IF(ISBLANK(INDEX('Milestone Tracker – IHP'!#REF!,53)),"",INDEX('Milestone Tracker – IHP'!#REF!,53)) -> #REF! | H51: =IF(ISBLANK(INDEX('Milestone Tracker – IHP'!$G:$G,53)),"",INDEX('Milestone Tracker – IHP'!$G:$G,53)) | I51: =IF(ISBLANK(INDEX('Milestone Tracker – IHP'!$H:$H,53)),"",INDEX('Milestone Tracker – IHP'!$H:$H,53)) | J51: =IF(ISBLANK(INDEX('Milestone Tracker – IHP'!#REF!,53)),"",INDEX('Milestone Tracker – IHP'!#REF!,53)) -> #REF! | K51: =IF(LEFT($E51,9)="Milestone",1,0) -> 0 | L51: =L50+K51 -> 0
A52: 54 | B52: =IF(ISBLANK(INDEX('Milestone Tracker – IHP'!$B:$B,54)),B51,INDEX('Milestone Tracker – IHP'!$B:$B,54)) -> 0 | C52: =IF(ISBLANK(INDEX('Milestone Tracker – IHP'!$C:$C,54)),C51,INDEX('Milestone Tracker – IHP'!$C:$C,54)) -> 0 | D52: =IF(ISBLANK(INDEX('Milestone Tracker – IHP'!$D:$D,54)),D51,INDEX('Milestone Tracker – IHP'!$D:$D,54)) -> 0 | E52: =IF(ISBLANK(INDEX('Milestone Tracker – IHP'!$E:$E,54)),"",INDEX('Milestone Tracker – IHP'!$E:$E,54)) | F52: =IF(ISBLANK(INDEX('Milestone Tracker – IHP'!$F:$F,54)),"",INDEX('Milestone Tracker – IHP'!$F:$F,54)) | G52: =IF(ISBLANK(INDEX('Milestone Tracker – IHP'!#REF!,54)),"",INDEX('Milestone Tracker – IHP'!#REF!,54)) -> #REF! | H52: =IF(ISBLANK(INDEX('Milestone Tracker – IHP'!$G:$G,54)),"",INDEX('Milestone Tracker – IHP'!$G:$G,54)) | I52: =IF(ISBLANK(INDEX('Milestone Tracker – IHP'!$H:$H,54)),"",INDEX('Milestone Tracker – IHP'!$H:$H,54)) | J52: =IF(ISBLANK(INDEX('Milestone Tracker – IHP'!#REF!,54)),"",INDEX('Milestone Tracker – IHP'!#REF!,54)) -> #REF! | K52: =IF(LEFT($E52,9)="Milestone",1,0) -> 0 | L52: =L51+K52 -> 0
A53: 55 | B53: =IF(ISBLANK(INDEX('Milestone Tracker – IHP'!$B:$B,55)),B52,INDEX('Milestone Tracker – IHP'!$B:$B,55)) -> 0 | C53: =IF(ISBLANK(INDEX('Milestone Tracker – IHP'!$C:$C,55)),C52,INDEX('Milestone Tracker – IHP'!$C:$C,55)) -> 0 | D53: =IF(ISBLANK(INDEX('Milestone Tracker – IHP'!$D:$D,55)),D52,INDEX('Milestone Tracker – IHP'!$D:$D,55)) -> 0 | E53: =IF(ISBLANK(INDEX('Milestone Tracker – IHP'!$E:$E,55)),"",INDEX('Milestone Tracker – IHP'!$E:$E,55)) | F53: =IF(ISBLANK(INDEX('Milestone Tracker – IHP'!$F:$F,55)),"",INDEX('Milestone Tracker – IHP'!$F:$F,55)) | G53: =IF(ISBLANK(INDEX('Milestone Tracker – IHP'!#REF!,55)),"",INDEX('Milestone Tracker – IHP'!#REF!,55)) -> #REF! | H53: =IF(ISBLANK(INDEX('Milestone Tracker – IHP'!$G:$G,55)),"",INDEX('Milestone Tracker – IHP'!$G:$G,55)) | I53: =IF(ISBLANK(INDEX('Milestone Tracker – IHP'!$H:$H,55)),"",INDEX('Milestone Tracker – IHP'!$H:$H,55)) | J53: =IF(ISBLANK(INDEX('Milestone Tracker – IHP'!#REF!,55)),"",INDEX('Milestone Tracker – IHP'!#REF!,55)) -> #REF! | K53: =IF(LEFT($E53,9)="Milestone",1,0) -> 0 | L53: =L52+K53 -> 0
A54: 56 | B54: =IF(ISBLANK(INDEX('Milestone Tracker – IHP'!$B:$B,56)),B53,INDEX('Milestone Tracker – IHP'!$B:$B,56)) -> 0 | C54: =IF(ISBLANK(INDEX('Milestone Tracker – IHP'!$C:$C,56)),C53,INDEX('Milestone Tracker – IHP'!$C:$C,56)) -> 0 | D54: =IF(ISBLANK(INDEX('Milestone Tracker – IHP'!$D:$D,56)),D53,INDEX('Milestone Tracker – IHP'!$D:$D,56)) -> 0 | E54: =IF(ISBLANK(INDEX('Milestone Tracker – IHP'!$E:$E,56)),"",INDEX('Milestone Tracker – IHP'!$E:$E,56)) | F54: =IF(ISBLANK(INDEX('Milestone Tracker – IHP'!$F:$F,56)),"",INDEX('Milestone Tracker – IHP'!$F:$F,56)) | G54: =IF(ISBLANK(INDEX('Milestone Tracker – IHP'!#REF!,56)),"",INDEX('Milestone Tracker – IHP'!#REF!,56)) -> #REF! | H54: =IF(ISBLANK(INDEX('Milestone Tracker – IHP'!$G:$G,56)),"",INDEX('Milestone Tracker – IHP'!$G:$G,56)) | I54: =IF(ISBLANK(INDEX('Milestone Tracker – IHP'!$H:$H,56)),"",INDEX('Milestone Tracker – IHP'!$H:$H,56)) | J54: =IF(ISBLANK(INDEX('Milestone Tracker – IHP'!#REF!,56)),"",INDEX('Milestone Tracker – IHP'!#REF!,56)) -> #REF! | K54: =IF(LEFT($E54,9)="Milestone",1,0) -> 0 | L54: =L53+K54 -> 0
A55: 57 | B55: =IF(ISBLANK(INDEX('Milestone Tracker – IHP'!$B:$B,57)),B54,INDEX('Milestone Tracker – IHP'!$B:$B,57)) -> 0 | C55: =IF(ISBLANK(INDEX('Milestone Tracker – IHP'!$C:$C,57)),C54,INDEX('Milestone Tracker – IHP'!$C:$C,57)) -> 0 | D55: =IF(ISBLANK(INDEX('Milestone Tracker – IHP'!$D:$D,57)),D54,INDEX('Milestone Tracker – IHP'!$D:$D,57)) -> 0 | E55: =IF(ISBLANK(INDEX('Milestone Tracker – IHP'!$E:$E,57)),"",INDEX('Milestone Tracker – IHP'!$E:$E,57)) | F55: =IF(ISBLANK(INDEX('Milestone Tracker – IHP'!$F:$F,57)),"",INDEX('Milestone Tracker – IHP'!$F:$F,57)) | G55: =IF(ISBLANK(INDEX('Milestone Tracker – IHP'!#REF!,57)),"",INDEX('Milestone Tracker – IHP'!#REF!,57)) -> #REF! | H55: =IF(ISBLANK(INDEX('Milestone Tracker – IHP'!$G:$G,57)),"",INDEX('Milestone Tracker – IHP'!$G:$G,57)) | I55: =IF(ISBLANK(INDEX('Milestone Tracker – IHP'!$H:$H,57)),"",INDEX('Milestone Tracker – IHP'!$H:$H,57)) | J55: =IF(ISBLANK(INDEX('Milestone Tracker – IHP'!#REF!,57)),"",INDEX('Milestone Tracker – IHP'!#REF!,57)) -> #REF! | K55: =IF(LEFT($E55,9)="Milestone",1,0) -> 0 | L55: =L54+K55 -> 0
A56: 58 | B56: =IF(ISBLANK(INDEX('Milestone Tracker – IHP'!$B:$B,58)),B55,INDEX('Milestone Tracker – IHP'!$B:$B,58)) -> 0 | C56: =IF(ISBLANK(INDEX('Milestone Tracker – IHP'!$C:$C,58)),C55,INDEX('Milestone Tracker – IHP'!$C:$C,58)) -> 0 | D56: =IF(ISBLANK(INDEX('Milestone Tracker – IHP'!$D:$D,58)),D55,INDEX('Milestone Tracker – IHP'!$D:$D,58)) -> 0 | E56: =IF(ISBLANK(INDEX('Milestone Tracker – IHP'!$E:$E,58)),"",INDEX('Milestone Tracker – IHP'!$E:$E,58)) | F56: =IF(ISBLANK(INDEX('Milestone Tracker – IHP'!$F:$F,58)),"",INDEX('Milestone Tracker – IHP'!$F:$F,58)) | G56: =IF(ISBLANK(INDEX('Milestone Tracker – IHP'!#REF!,58)),"",INDEX('Milestone Tracker – IHP'!#REF!,58)) -> #REF! | H56: =IF(ISBLANK(INDEX('Milestone Tracker – IHP'!$G:$G,58)),"",INDEX('Milestone Tracker – IHP'!$G:$G,58)) | I56: =IF(ISBLANK(INDEX('Milestone Tracker – IHP'!$H:$H,58)),"",INDEX('Milestone Tracker – IHP'!$H:$H,58)) | J56: =IF(ISBLANK(INDEX('Milestone Tracker – IHP'!#REF!,58)),"",INDEX('Milestone Tracker – IHP'!#REF!,58)) -> #REF! | K56: =IF(LEFT($E56,9)="Milestone",1,0) -> 0 | L56: =L55+K56 -> 0
A57: 59 | B57: =IF(ISBLANK(INDEX('Milestone Tracker – IHP'!$B:$B,59)),B56,INDEX('Milestone Tracker – IHP'!$B:$B,59)) -> 0 | C57: =IF(ISBLANK(INDEX('Milestone Tracker – IHP'!$C:$C,59)),C56,INDEX('Milestone Tracker – IHP'!$C:$C,59)) -> 0 | D57: =IF(ISBLANK(INDEX('Milestone Tracker – IHP'!$D:$D,59)),D56,INDEX('Milestone Tracker – IHP'!$D:$D,59)) -> 0 | E57: =IF(ISBLANK(INDEX('Milestone Tracker – IHP'!$E:$E,59)),"",INDEX('Milestone Tracker – IHP'!$E:$E,59)) | F57: =IF(ISBLANK(INDEX('Milestone Tracker – IHP'!$F:$F,59)),"",INDEX('Milestone Tracker – IHP'!$F:$F,59)) | G57: =IF(ISBLANK(INDEX('Milestone Tracker – IHP'!#REF!,59)),"",INDEX('Milestone Tracker – IHP'!#REF!,59)) -> #REF! | H57: =IF(ISBLANK(INDEX('Milestone Tracker – IHP'!$G:$G,59)),"",INDEX('Milestone Tracker – IHP'!$G:$G,59)) | I57: =IF(ISBLANK(INDEX('Milestone Tracker – IHP'!$H:$H,59)),"",INDEX('Milestone Tracker – IHP'!$H:$H,59)) | J57: =IF(ISBLANK(INDEX('Milestone Tracker – IHP'!#REF!,59)),"",INDEX('Milestone Tracker – IHP'!#REF!,59)) -> #REF! | K57: =IF(LEFT($E57,9)="Milestone",1,0) -> 0 | L57: =L56+K57 -> 0
A58: 60 | B58: =IF(ISBLANK(INDEX('Milestone Tracker – IHP'!$B:$B,60)),B57,INDEX('Milestone Tracker – IHP'!$B:$B,60)) -> 0 | C58: =IF(ISBLANK(INDEX('Milestone Tracker – IHP'!$C:$C,60)),C57,INDEX('Milestone Tracker – IHP'!$C:$C,60)) -> 0 | D58: =IF(ISBLANK(INDEX('Milestone Tracker – IHP'!$D:$D,60)),D57,INDEX('Milestone Tracker – IHP'!$D:$D,60)) -> 0 | E58: =IF(ISBLANK(INDEX('Milestone Tracker – IHP'!$E:$E,60)),"",INDEX('Milestone Tracker – IHP'!$E:$E,60)) | F58: =IF(ISBLANK(INDEX('Milestone Tracker – IHP'!$F:$F,60)),"",INDEX('Milestone Tracker – IHP'!$F:$F,60)) | G58: =IF(ISBLANK(INDEX('Milestone Tracker – IHP'!#REF!,60)),"",INDEX('Milestone Tracker – IHP'!#REF!,60)) -> #REF! | H58: =IF(ISBLANK(INDEX('Milestone Tracker – IHP'!$G:$G,60)),"",INDEX('Milestone Tracker – IHP'!$G:$G,60)) | I58: =IF(ISBLANK(INDEX('Milestone Tracker – IHP'!$H:$H,60)),"",INDEX('Milestone Tracker – IHP'!$H:$H,60)) | J58: =IF(ISBLANK(INDEX('Milestone Tracker – IHP'!#REF!,60)),"",INDEX('Milestone Tracker – IHP'!#REF!,60)) -> #REF! | K58: =IF(LEFT($E58,9)="Milestone",1,0) -> 0 | L58: =L57+K58 -> 0
A59: 61 | B59: =IF(ISBLANK(INDEX('Milestone Tracker – IHP'!$B:$B,61)),B58,INDEX('Milestone Tracker – IHP'!$B:$B,61)) -> 0 | C59: =IF(ISBLANK(INDEX('Milestone Tracker – IHP'!$C:$C,61)),C58,INDEX('Milestone Tracker – IHP'!$C:$C,61)) -> 0 | D59: =IF(ISBLANK(INDEX('Milestone Tracker – IHP'!$D:$D,61)),D58,INDEX('Milestone Tracker – IHP'!$D:$D,61)) -> 0 | E59: =IF(ISBLANK(INDEX('Milestone Tracker – IHP'!$E:$E,61)),"",INDEX('Milestone Tracker – IHP'!$E:$E,61)) | F59: =IF(ISBLANK(INDEX('Milestone Tracker – IHP'!$F:$F,61)),"",INDEX('Milestone Tracker – IHP'!$F:$F,61)) | G59: =IF(ISBLANK(INDEX('Milestone Tracker – IHP'!#REF!,61)),"",INDEX('Milestone Tracker – IHP'!#REF!,61)) -> #REF! | H59: =IF(ISBLANK(INDEX('Milestone Tracker – IHP'!$G:$G,61)),"",INDEX('Milestone Tracker – IHP'!$G:$G,61)) | I59: =IF(ISBLANK(INDEX('Milestone Tracker – IHP'!$H:$H,61)),"",INDEX('Milestone Tracker – IHP'!$H:$H,61)) | J59: =IF(ISBLANK(INDEX('Milestone Tracker – IHP'!#REF!,61)),"",INDEX('Milestone Tracker – IHP'!#REF!,61)) -> #REF! | K59: =IF(LEFT($E59,9)="Milestone",1,0) -> 0 | L59: =L58+K59 -> 0
A60: 62 | B60: =IF(ISBLANK(INDEX('Milestone Tracker – IHP'!$B:$B,62)),B59,INDEX('Milestone Tracker – IHP'!$B:$B,62)) -> 0 | C60: =IF(ISBLANK(INDEX('Milestone Tracker – IHP'!$C:$C,62)),C59,INDEX('Milestone Tracker – IHP'!$C:$C,62)) -> 0 | D60: =IF(ISBLANK(INDEX('Milestone Tracker – IHP'!$D:$D,62)),D59,INDEX('Milestone Tracker – IHP'!$D:$D,62)) -> 0 | E60: =IF(ISBLANK(INDEX('Milestone Tracker – IHP'!$E:$E,62)),"",INDEX('Milestone Tracker – IHP'!$E:$E,62)) | F60: =IF(ISBLANK(INDEX('Milestone Tracker – IHP'!$F:$F,62)),"",INDEX('Milestone Tracker – IHP'!$F:$F,62)) | G60: =IF(ISBLANK(INDEX('Milestone Tracker – IHP'!#REF!,62)),"",INDEX('Milestone Tracker – IHP'!#REF!,62)) -> #REF! | H60: =IF(ISBLANK(INDEX('Milestone Tracker – IHP'!$G:$G,62)),"",INDEX('Milestone Tracker – IHP'!$G:$G,62)) | I60: =IF(ISBLANK(INDEX('Milestone Tracker – IHP'!$H:$H,62)),"",INDEX('Milestone Tracker – IHP'!$H:$H,62)) | J60: =IF(ISBLANK(INDEX('Milestone Tracker – IHP'!#REF!,62)),"",INDEX('Milestone Tracker – IHP'!#REF!,62)) -> #REF! | K60: =IF(LEFT($E60,9)="Milestone",1,0) -> 0 | L60: =L59+K60 -> 0
A61: 63 | B61: =IF(ISBLANK(INDEX('Milestone Tracker – IHP'!$B:$B,63)),B60,INDEX('Milestone Tracker – IHP'!$B:$B,63)) -> 0 | C61: =IF(ISBLANK(INDEX('Milestone Tracker – IHP'!$C:$C,63)),C60,INDEX('Milestone Tracker – IHP'!$C:$C,63)) -> 0 | D61: =IF(ISBLANK(INDEX('Milestone Tracker – IHP'!$D:$D,63)),D60,INDEX('Milestone Tracker – IHP'!$D:$D,63)) -> 0 | E61: =IF(ISBLANK(INDEX('Milestone Tracker – IHP'!$E:$E,63)),"",INDEX('Milestone Tracker – IHP'!$E:$E,63)) | F61: =IF(ISBLANK(INDEX('Milestone Tracker – IHP'!$F:$F,63)),"",INDEX('Milestone Tracker – IHP'!$F:$F,63)) | G61: =IF(ISBLANK(INDEX('Milestone Tracker – IHP'!#REF!,63)),"",INDEX('Milestone Tracker – IHP'!#REF!,63)) -> #REF! | H61: =IF(ISBLANK(INDEX('Milestone Tracker – IHP'!$G:$G,63)),"",INDEX('Milestone Tracker – IHP'!$G:$G,63)) | I61: =IF(ISBLANK(INDEX('Milestone Tracker – IHP'!$H:$H,63)),"",INDEX('Milestone Tracker – IHP'!$H:$H,63)) | J61: =IF(ISBLANK(INDEX('Milestone Tracker – IHP'!#REF!,63)),"",INDEX('Milestone Tracker – IHP'!#REF!,63)) -> #REF! | K61: =IF(LEFT($E61,9)="Milestone",1,0) -> 0 | L61: =L60+K61 -> 0
A62: 64 | B62: =IF(ISBLANK(INDEX('Milestone Tracker – IHP'!$B:$B,64)),B61,INDEX('Milestone Tracker – IHP'!$B:$B,64)) -> 0 | C62: =IF(ISBLANK(INDEX('Milestone Tracker – IHP'!$C:$C,64)),C61,INDEX('Milestone Tracker – IHP'!$C:$C,64)) -> 0 | D62: =IF(ISBLANK(INDEX('Milestone Tracker – IHP'!$D:$D,64)),D61,INDEX('Milestone Tracker – IHP'!$D:$D,64)) -> 0 | E62: =IF(ISBLANK(INDEX('Milestone Tracker – IHP'!$E:$E,64)),"",INDEX('Milestone Tracker – IHP'!$E:$E,64)) | F62: =IF(ISBLANK(INDEX('Milestone Tracker – IHP'!$F:$F,64)),"",INDEX('Milestone Tracker – IHP'!$F:$F,64)) | G62: =IF(ISBLANK(INDEX('Milestone Tracker – IHP'!#REF!,64)),"",INDEX('Milestone Tracker – IHP'!#REF!,64)) -> #REF! | H62: =IF(ISBLANK(INDEX('Milestone Tracker – IHP'!$G:$G,64)),"",INDEX('Milestone Tracker – IHP'!$G:$G,64)) | I62: =IF(ISBLANK(INDEX('Milestone Tracker – IHP'!$H:$H,64)),"",INDEX('Milestone Tracker – IHP'!$H:$H,64)) | J62: =IF(ISBLANK(INDEX('Milestone Tracker – IHP'!#REF!,64)),"",INDEX('Milestone Tracker – IHP'!#REF!,64)) -> #REF! | K62: =IF(LEFT($E62,9)="Milestone",1,0) -> 0 | L62: =L61+K62 -> 0
A63: 65 | B63: =IF(ISBLANK(INDEX('Milestone Tracker – IHP'!$B:$B,65)),B62,INDEX('Milestone Tracker – IHP'!$B:$B,65)) -> 0 | C63: =IF(ISBLANK(INDEX('Milestone Tracker – IHP'!$C:$C,65)),C62,INDEX('Milestone Tracker – IHP'!$C:$C,65)) -> 0 | D63: =IF(ISBLANK(INDEX('Milestone Tracker – IHP'!$D:$D,65)),D62,INDEX('Milestone Tracker – IHP'!$D:$D,65)) -> 0 | E63: =IF(ISBLANK(INDEX('Milestone Tracker – IHP'!$E:$E,65)),"",INDEX('Milestone Tracker – IHP'!$E:$E,65)) | F63: =IF(ISBLANK(INDEX('Milestone Tracker – IHP'!$F:$F,65)),"",INDEX('Milestone Tracker – IHP'!$F:$F,65)) | G63: =IF(ISBLANK(INDEX('Milestone Tracker – IHP'!#REF!,65)),"",INDEX('Milestone Tracker – IHP'!#REF!,65)) -> #REF! | H63: =IF(ISBLANK(INDEX('Milestone Tracker – IHP'!$G:$G,65)),"",INDEX('Milestone Tracker – IHP'!$G:$G,65)) | I63: =IF(ISBLANK(INDEX('Milestone Tracker – IHP'!$H:$H,65)),"",INDEX('Milestone Tracker – IHP'!$H:$H,65)) | J63: =IF(ISBLANK(INDEX('Milestone Tracker – IHP'!#REF!,65)),"",INDEX('Milestone Tracker – IHP'!#REF!,65)) -> #REF! | K63: =IF(LEFT($E63,9)="Milestone",1,0) -> 0 | L63: =L62+K63 -> 0
A64: 66 | B64: =IF(ISBLANK(INDEX('Milestone Tracker – IHP'!$B:$B,66)),B63,INDEX('Milestone Tracker – IHP'!$B:$B,66)) -> 0 | C64: =IF(ISBLANK(INDEX('Milestone Tracker – IHP'!$C:$C,66)),C63,INDEX('Milestone Tracker – IHP'!$C:$C,66)) -> 0 | D64: =IF(ISBLANK(INDEX('Milestone Tracker – IHP'!$D:$D,66)),D63,INDEX('Milestone Tracker – IHP'!$D:$D,66)) -> 0 | E64: =IF(ISBLANK(INDEX('Milestone Tracker – IHP'!$E:$E,66)),"",INDEX('Milestone Tracker – IHP'!$E:$E,66)) | F64: =IF(ISBLANK(INDEX('Milestone Tracker – IHP'!$F:$F,66)),"",INDEX('Milestone Tracker – IHP'!$F:$F,66)) | G64: =IF(ISBLANK(INDEX('Milestone Tracker – IHP'!#REF!,66)),"",INDEX('Milestone Tracker – IHP'!#REF!,66)) -> #REF! | H64: =IF(ISBLANK(INDEX('Milestone Tracker – IHP'!$G:$G,66)),"",INDEX('Milestone Tracker – IHP'!$G:$G,66)) | I64: =IF(ISBLANK(INDEX('Milestone Tracker – IHP'!$H:$H,66)),"",INDEX('Milestone Tracker – IHP'!$H:$H,66)) | J64: =IF(ISBLANK(INDEX('Milestone Tracker – IHP'!#REF!,66)),"",INDEX('Milestone Tracker – IHP'!#REF!,66)) -> #REF! | K64: =IF(LEFT($E64,9)="Milestone",1,0) -> 0 | L64: =L63+K64 -> 0
A65: 67 | B65: =IF(ISBLANK(INDEX('Milestone Tracker – IHP'!$B:$B,67)),B64,INDEX('Milestone Tracker – IHP'!$B:$B,67)) -> 0 | C65: =IF(ISBLANK(INDEX('Milestone Tracker – IHP'!$C:$C,67)),C64,INDEX('Milestone Tracker – IHP'!$C:$C,67)) -> 0 | D65: =IF(ISBLANK(INDEX('Milestone Tracker – IHP'!$D:$D,67)),D64,INDEX('Milestone Tracker – IHP'!$D:$D,67)) -> 0 | E65: =IF(ISBLANK(INDEX('Milestone Tracker – IHP'!$E:$E,67)),"",INDEX('Milestone Tracker – IHP'!$E:$E,67)) | F65: =IF(ISBLANK(INDEX('Milestone Tracker – IHP'!$F:$F,67)),"",INDEX('Milestone Tracker – IHP'!$F:$F,67)) | G65: =IF(ISBLANK(INDEX('Milestone Tracker – IHP'!#REF!,67)),"",INDEX('Milestone Tracker – IHP'!#REF!,67)) -> #REF! | H65: =IF(ISBLANK(INDEX('Milestone Tracker – IHP'!$G:$G,67)),"",INDEX('Milestone Tracker – IHP'!$G:$G,67)) | I65: =IF(ISBLANK(INDEX('Milestone Tracker – IHP'!$H:$H,67)),"",INDEX('Milestone Tracker – IHP'!$H:$H,67)) | J65: =IF(ISBLANK(INDEX('Milestone Tracker – IHP'!#REF!,67)),"",INDEX('Milestone Tracker – IHP'!#REF!,67)) -> #REF! | K65: =IF(LEFT($E65,9)="Milestone",1,0) -> 0 | L65: =L64+K65 -> 0
A66: 68 | B66: =IF(ISBLANK(INDEX('Milestone Tracker – IHP'!$B:$B,68)),B65,INDEX('Milestone Tracker – IHP'!$B:$B,68)) -> 0 | C66: =IF(ISBLANK(INDEX('Milestone Tracker – IHP'!$C:$C,68)),C65,INDEX('Milestone Tracker – IHP'!$C:$C,68)) -> 0 | D66: =IF(ISBLANK(INDEX('Milestone Tracker – IHP'!$D:$D,68)),D65,INDEX('Milestone Tracker – IHP'!$D:$D,68)) -> 0 | E66: =IF(ISBLANK(INDEX('Milestone Tracker – IHP'!$E:$E,68)),"",INDEX('Milestone Tracker – IHP'!$E:$E,68)) | F66: =IF(ISBLANK(INDEX('Milestone Tracker – IHP'!$F:$F,68)),"",INDEX('Milestone Tracker – IHP'!$F:$F,68)) | G66: =IF(ISBLANK(INDEX('Milestone Tracker – IHP'!#REF!,68)),"",INDEX('Milestone Tracker – IHP'!#REF!,68)) -> #REF! | H66: =IF(ISBLANK(INDEX('Milestone Tracker – IHP'!$G:$G,68)),"",INDEX('Milestone Tracker – IHP'!$G:$G,68)) | I66: =IF(ISBLANK(INDEX('Milestone Tracker – IHP'!$H:$H,68)),"",INDEX('Milestone Tracker – IHP'!$H:$H,68)) | J66: =IF(ISBLANK(INDEX('Milestone Tracker – IHP'!#REF!,68)),"",INDEX('Milestone Tracker – IHP'!#REF!,68)) -> #REF! | K66: =IF(LEFT($E66,9)="Milestone",1,0) -> 0 | L66: =L65+K66 -> 0
A67: 69 | B67: =IF(ISBLANK(INDEX('Milestone Tracker – IHP'!$B:$B,69)),B66,INDEX('Milestone Tracker – IHP'!$B:$B,69)) -> 0 | C67: =IF(ISBLANK(INDEX('Milestone Tracker – IHP'!$C:$C,69)),C66,INDEX('Milestone Tracker – IHP'!$C:$C,69)) -> 0 | D67: =IF(ISBLANK(INDEX('Milestone Tracker – IHP'!$D:$D,69)),D66,INDEX('Milestone Tracker – IHP'!$D:$D,69)) -> 0 | E67: =IF(ISBLANK(INDEX('Milestone Tracker – IHP'!$E:$E,69)),"",INDEX('Milestone Tracker – IHP'!$E:$E,69)) | F67: =IF(ISBLANK(INDEX('Milestone Tracker – IHP'!$F:$F,69)),"",INDEX('Milestone Tracker – IHP'!$F:$F,69)) | G67: =IF(ISBLANK(INDEX('Milestone Tracker – IHP'!#REF!,69)),"",INDEX('Milestone Tracker – IHP'!#REF!,69)) -> #REF! | H67: =IF(ISBLANK(INDEX('Milestone Tracker – IHP'!$G:$G,69)),"",INDEX('Milestone Tracker – IHP'!$G:$G,69)) | I67: =IF(ISBLANK(INDEX('Milestone Tracker – IHP'!$H:$H,69)),"",INDEX('Milestone Tracker – IHP'!$H:$H,69)) | J67: =IF(ISBLANK(INDEX('Milestone Tracker – IHP'!#REF!,69)),"",INDEX('Milestone Tracker – IHP'!#REF!,69)) -> #REF! | K67: =IF(LEFT($E67,9)="Milestone",1,0) -> 0 | L67: =L66+K67 -> 0
A68: 70 | B68: =IF(ISBLANK(INDEX('Milestone Tracker – IHP'!$B:$B,70)),B67,INDEX('Milestone Tracker – IHP'!$B:$B,70)) -> 0 | C68: =IF(ISBLANK(INDEX('Milestone Tracker – IHP'!$C:$C,70)),C67,INDEX('Milestone Tracker – IHP'!$C:$C,70)) -> 0 | D68: =IF(ISBLANK(INDEX('Milestone Tracker – IHP'!$D:$D,70)),D67,INDEX('Milestone Tracker – IHP'!$D:$D,70)) -> 0 | E68: =IF(ISBLANK(INDEX('Milestone Tracker – IHP'!$E:$E,70)),"",INDEX('Milestone Tracker – IHP'!$E:$E,70)) | F68: =IF(ISBLANK(INDEX('Milestone Tracker – IHP'!$F:$F,70)),"",INDEX('Milestone Tracker – IHP'!$F:$F,70)) | G68: =IF(ISBLANK(INDEX('Milestone Tracker – IHP'!#REF!,70)),"",INDEX('Milestone Tracker – IHP'!#REF!,70)) -> #REF! | H68: =IF(ISBLANK(INDEX('Milestone Tracker – IHP'!$G:$G,70)),"",INDEX('Milestone Tracker – IHP'!$G:$G,70)) | I68: =IF(ISBLANK(INDEX('Milestone Tracker – IHP'!$H:$H,70)),"",INDEX('Milestone Tracker – IHP'!$H:$H,70)) | J68: =IF(ISBLANK(INDEX('Milestone Tracker – IHP'!#REF!,70)),"",INDEX('Milestone Tracker – IHP'!#REF!,70)) -> #REF! | K68: =IF(LEFT($E68,9)="Milestone",1,0) -> 0 | L68: =L67+K68 -> 0
A69: 71 | B69: =IF(ISBLANK(INDEX('Milestone Tracker – IHP'!$B:$B,71)),B68,INDEX('Milestone Tracker – IHP'!$B:$B,71)) -> 0 | C69: =IF(ISBLANK(INDEX('Milestone Tracker – IHP'!$C:$C,71)),C68,INDEX('Milestone Tracker – IHP'!$C:$C,71)) -> 0 | D69: =IF(ISBLANK(INDEX('Milestone Tracker – IHP'!$D:$D,71)),D68,INDEX('Milestone Tracker – IHP'!$D:$D,71)) -> 0 | E69: =IF(ISBLANK(INDEX('Milestone Tracker – IHP'!$E:$E,71)),"",INDEX('Milestone Tracker – IHP'!$E:$E,71)) | F69: =IF(ISBLANK(INDEX('Milestone Tracker – IHP'!$F:$F,71)),"",INDEX('Milestone Tracker – IHP'!$F:$F,71)) | G69: =IF(ISBLANK(INDEX('Milestone Tracker – IHP'!#REF!,71)),"",INDEX('Milestone Tracker – IHP'!#REF!,71)) -> #REF! | H69: =IF(ISBLANK(INDEX('Milestone Tracker – IHP'!$G:$G,71)),"",INDEX('Milestone Tracker – IHP'!$G:$G,71)) | I69: =IF(ISBLANK(INDEX('Milestone Tracker – IHP'!$H:$H,71)),"",INDEX('Milestone Tracker – IHP'!$H:$H,71)) | J69: =IF(ISBLANK(INDEX('Milestone Tracker – IHP'!#REF!,71)),"",INDEX('Milestone Tracker – IHP'!#REF!,71)) -> #REF! | K69: =IF(LEFT($E69,9)="Milestone",1,0) -> 0 | L69: =L68+K69 -> 0
A70: 72 | B70: =IF(ISBLANK(INDEX('Milestone Tracker – IHP'!$B:$B,72)),B69,INDEX('Milestone Tracker – IHP'!$B:$B,72)) -> 0 | C70: =IF(ISBLANK(INDEX('Milestone Tracker – IHP'!$C:$C,72)),C69,INDEX('Milestone Tracker – IHP'!$C:$C,72)) -> 0 | D70: =IF(ISBLANK(INDEX('Milestone Tracker – IHP'!$D:$D,72)),D69,INDEX('Milestone Tracker – IHP'!$D:$D,72)) -> 0 | E70: =IF(ISBLANK(INDEX('Milestone Tracker – IHP'!$E:$E,72)),"",INDEX('Milestone Tracker – IHP'!$E:$E,72)) | F70: =IF(ISBLANK(INDEX('Milestone Tracker – IHP'!$F:$F,72)),"",INDEX('Milestone Tracker – IHP'!$F:$F,72)) | G70: =IF(ISBLANK(INDEX('Milestone Tracker – IHP'!#REF!,72)),"",INDEX('Milestone Tracker – IHP'!#REF!,72)) -> #REF! | H70: =IF(ISBLANK(INDEX('Milestone Tracker – IHP'!$G:$G,72)),"",INDEX('Milestone Tracker – IHP'!$G:$G,72)) | I70: =IF(ISBLANK(INDEX('Milestone Tracker – IHP'!$H:$H,72)),"",INDEX('Milestone Tracker – IHP'!$H:$H,72)) | J70: =IF(ISBLANK(INDEX('Milestone Tracker – IHP'!#REF!,72)),"",INDEX('Milestone Tracker – IHP'!#REF!,72)) -> #REF! | K70: =IF(LEFT($E70,9)="Milestone",1,0) -> 0 | L70: =L69+K70 -> 0
A71: 73 | B71: =IF(ISBLANK(INDEX('Milestone Tracker – IHP'!$B:$B,73)),B70,INDEX('Milestone Tracker – IHP'!$B:$B,73)) -> 0 | C71: =IF(ISBLANK(INDEX('Milestone Tracker – IHP'!$C:$C,73)),C70,INDEX('Milestone Tracker – IHP'!$C:$C,73)) -> 0 | D71: =IF(ISBLANK(INDEX('Milestone Tracker – IHP'!$D:$D,73)),D70,INDEX('Milestone Tracker – IHP'!$D:$D,73)) -> 0 | E71: =IF(ISBLANK(INDEX('Milestone Tracker – IHP'!$E:$E,73)),"",INDEX('Milestone Tracker – IHP'!$E:$E,73)) | F71: =IF(ISBLANK(INDEX('Milestone Tracker – IHP'!$F:$F,73)),"",INDEX('Milestone Tracker – IHP'!$F:$F,73)) | G71: =IF(ISBLANK(INDEX('Milestone Tracker – IHP'!#REF!,73)),"",INDEX('Milestone Tracker – IHP'!#REF!,73)) -> #REF! | H71: =IF(ISBLANK(INDEX('Milestone Tracker – IHP'!$G:$G,73)),"",INDEX('Milestone Tracker – IHP'!$G:$G,73)) | I71: =IF(ISBLANK(INDEX('Milestone Tracker – IHP'!$H:$H,73)),"",INDEX('Milestone Tracker – IHP'!$H:$H,73)) | J71: =IF(ISBLANK(INDEX('Milestone Tracker – IHP'!#REF!,73)),"",INDEX('Milestone Tracker – IHP'!#REF!,73)) -> #REF! | K71: =IF(LEFT($E71,9)="Milestone",1,0) -> 0 | L71: =L70+K71 -> 0
A72: 74 | B72: =IF(ISBLANK(INDEX('Milestone Tracker – IHP'!$B:$B,74)),B71,INDEX('Milestone Tracker – IHP'!$B:$B,74)) -> 0 | C72: =IF(ISBLANK(INDEX('Milestone Tracker – IHP'!$C:$C,74)),C71,INDEX('Milestone Tracker – IHP'!$C:$C,74)) -> 0 | D72: =IF(ISBLANK(INDEX('Milestone Tracker – IHP'!$D:$D,74)),D71,INDEX('Milestone Tracker – IHP'!$D:$D,74)) -> 0 | E72: =IF(ISBLANK(INDEX('Milestone Tracker – IHP'!$E:$E,74)),"",INDEX('Milestone Tracker – IHP'!$E:$E,74)) | F72: =IF(ISBLANK(INDEX('Milestone Tracker – IHP'!$F:$F,74)),"",INDEX('Milestone Tracker – IHP'!$F:$F,74)) | G72: =IF(ISBLANK(INDEX('Milestone Tracker – IHP'!#REF!,74)),"",INDEX('Milestone Tracker – IHP'!#REF!,74)) -> #REF! | H72: =IF(ISBLANK(INDEX('Milestone Tracker – IHP'!$G:$G,74)),"",INDEX('Milestone Tracker – IHP'!$G:$G,74)) | I72: =IF(ISBLANK(INDEX('Milestone Tracker – IHP'!$H:$H,74)),"",INDEX('Milestone Tracker – IHP'!$H:$H,74)) | J72: =IF(ISBLANK(INDEX('Milestone Tracker – IHP'!#REF!,74)),"",INDEX('Milestone Tracker – IHP'!#REF!,74)) -> #REF! | K72: =IF(LEFT($E72,9)="Milestone",1,0) -> 0 | L72: =L71+K72 -> 0
A73: 75 | B73: =IF(ISBLANK(INDEX('Milestone Tracker – IHP'!$B:$B,75)),B72,INDEX('Milestone Tracker – IHP'!$B:$B,75)) -> 0 | C73: =IF(ISBLANK(INDEX('Milestone Tracker – IHP'!$C:$C,75)),C72,INDEX('Milestone Tracker – IHP'!$C:$C,75)) -> 0 | D73: =IF(ISBLANK(INDEX('Milestone Tracker – IHP'!$D:$D,75)),D72,INDEX('Milestone Tracker – IHP'!$D:$D,75)) -> 0 | E73: =IF(ISBLANK(INDEX('Milestone Tracker – IHP'!$E:$E,75)),"",INDEX('Milestone Tracker – IHP'!$E:$E,75)) | F73: =IF(ISBLANK(INDEX('Milestone Tracker – IHP'!$F:$F,75)),"",INDEX('Milestone Tracker – IHP'!$F:$F,75)) -> PORTFOLIO TOTAL | G73: =IF(ISBLANK(INDEX('Milestone Tracker – IHP'!#REF!,75)),"",INDEX('Milestone Tracker – IHP'!#REF!,75)) -> #REF! | H73: =IF(ISBLANK(INDEX('Milestone Tracker – IHP'!$G:$G,75)),"",INDEX('Milestone Tracker – IHP'!$G:$G,75)) | I73: =IF(ISBLANK(INDEX('Milestone Tracker – IHP'!$H:$H,75)),"",INDEX('Milestone Tracker – IHP'!$H:$H,75)) -> Paid ▶ | J73: =IF(ISBLANK(INDEX('Milestone Tracker – IHP'!#REF!,75)),"",INDEX('Milestone Tracker – IHP'!#REF!,75)) -> #REF! | K73: =IF(LEFT($E73,9)="Milestone",1,0) -> 0 | L73: =L72+K73 -> 0
A74: 76 | B74: =IF(ISBLANK(INDEX('Milestone Tracker – IHP'!$B:$B,76)),B73,INDEX('Milestone Tracker – IHP'!$B:$B,76)) -> 0 | C74: =IF(ISBLANK(INDEX('Milestone Tracker – IHP'!$C:$C,76)),C73,INDEX('Milestone Tracker – IHP'!$C:$C,76)) -> 0 | D74: =IF(ISBLANK(INDEX('Milestone Tracker – IHP'!$D:$D,76)),D73,INDEX('Milestone Tracker – IHP'!$D:$D,76)) -> 0 | E74: =IF(ISBLANK(INDEX('Milestone Tracker – IHP'!$E:$E,76)),"",INDEX('Milestone Tracker – IHP'!$E:$E,76)) | F74: =IF(ISBLANK(INDEX('Milestone Tracker – IHP'!$F:$F,76)),"",INDEX('Milestone Tracker – IHP'!$F:$F,76)) | G74: =IF(ISBLANK(INDEX('Milestone Tracker – IHP'!#REF!,76)),"",INDEX('Milestone Tracker – IHP'!#REF!,76)) -> #REF! | H74: =IF(ISBLANK(INDEX('Milestone Tracker – IHP'!$G:$G,76)),"",INDEX('Milestone Tracker – IHP'!$G:$G,76)) | I74: =IF(ISBLANK(INDEX('Milestone Tracker – IHP'!$H:$H,76)),"",INDEX('Milestone Tracker – IHP'!$H:$H,76)) | J74: =IF(ISBLANK(INDEX('Milestone Tracker – IHP'!#REF!,76)),"",INDEX('Milestone Tracker – IHP'!#REF!,76)) -> #REF! | K74: =IF(LEFT($E74,9)="Milestone",1,0) -> 0 | L74: =L73+K74 -> 0
A75: 77 | B75: =IF(ISBLANK(INDEX('Milestone Tracker – IHP'!$B:$B,77)),B74,INDEX('Milestone Tracker – IHP'!$B:$B,77)) -> 0 | C75: =IF(ISBLANK(INDEX('Milestone Tracker – IHP'!$C:$C,77)),C74,INDEX('Milestone Tracker – IHP'!$C:$C,77)) -> 0 | D75: =IF(ISBLANK(INDEX('Milestone Tracker – IHP'!$D:$D,77)),D74,INDEX('Milestone Tracker – IHP'!$D:$D,77)) -> 0 | E75: =IF(ISBLANK(INDEX('Milestone Tracker – IHP'!$E:$E,77)),"",INDEX('Milestone Tracker – IHP'!$E:$E,77)) | F75: =IF(ISBLANK(INDEX('Milestone Tracker – IHP'!$F:$F,77)),"",INDEX('Milestone Tracker – IHP'!$F:$F,77)) | G75: =IF(ISBLANK(INDEX('Milestone Tracker – IHP'!#REF!,77)),"",INDEX('Milestone Tracker – IHP'!#REF!,77)) -> #REF! | H75: =IF(ISBLANK(INDEX('Milestone Tracker – IHP'!$G:$G,77)),"",INDEX('Milestone Tracker – IHP'!$G:$G,77)) | I75: =IF(ISBLANK(INDEX('Milestone Tracker – IHP'!$H:$H,77)),"",INDEX('Milestone Tracker – IHP'!$H:$H,77)) | J75: =IF(ISBLANK(INDEX('Milestone Tracker – IHP'!#REF!,77)),"",INDEX('Milestone Tracker – IHP'!#REF!,77)) -> #REF! | K75: =IF(LEFT($E75,9)="Milestone",1,0) -> 0 | L75: =L74+K75 -> 0
A76: 78 | B76: =IF(ISBLANK(INDEX('Milestone Tracker – IHP'!$B:$B,78)),B75,INDEX('Milestone Tracker – IHP'!$B:$B,78)) -> 0 | C76: =IF(ISBLANK(INDEX('Milestone Tracker – IHP'!$C:$C,78)),C75,INDEX('Milestone Tracker – IHP'!$C:$C,78)) -> 0 | D76: =IF(ISBLANK(INDEX('Milestone Tracker – IHP'!$D:$D,78)),D75,INDEX('Milestone Tracker – IHP'!$D:$D,78)) -> 0 | E76: =IF(ISBLANK(INDEX('Milestone Tracker – IHP'!$E:$E,78)),"",INDEX('Milestone Tracker – IHP'!$E:$E,78)) | F76: =IF(ISBLANK(INDEX('Milestone Tracker – IHP'!$F:$F,78)),"",INDEX('Milestone Tracker – IHP'!$F:$F,78)) | G76: =IF(ISBLANK(INDEX('Milestone Tracker – IHP'!#REF!,78)),"",INDEX('Milestone Tracker – IHP'!#REF!,78)) -> #REF! | H76: =IF(ISBLANK(INDEX('Milestone Tracker – IHP'!$G:$G,78)),"",INDEX('Milestone Tracker – IHP'!$G:$G,78)) | I76: =IF(ISBLANK(INDEX('Milestone Tracker – IHP'!$H:$H,78)),"",INDEX('Milestone Tracker – IHP'!$H:$H,78)) | J76: =IF(ISBLANK(INDEX('Milestone Tracker – IHP'!#REF!,78)),"",INDEX('Milestone Tracker – IHP'!#REF!,78)) -> #REF! | K76: =IF(LEFT($E76,9)="Milestone",1,0) -> 0 | L76: =L75+K76 -> 0
A77: 79 | B77: =IF(ISBLANK(INDEX('Milestone Tracker – IHP'!$B:$B,79)),B76,INDEX('Milestone Tracker – IHP'!$B:$B,79)) -> 0 | C77: =IF(ISBLANK(INDEX('Milestone Tracker – IHP'!$C:$C,79)),C76,INDEX('Milestone Tracker – IHP'!$C:$C,79)) -> 0 | D77: =IF(ISBLANK(INDEX('Milestone Tracker – IHP'!$D:$D,79)),D76,INDEX('Milestone Tracker – IHP'!$D:$D,79)) -> 0 | E77: =IF(ISBLANK(INDEX('Milestone Tracker – IHP'!$E:$E,79)),"",INDEX('Milestone Tracker – IHP'!$E:$E,79)) | F77: =IF(ISBLANK(INDEX('Milestone Tracker – IHP'!$F:$F,79)),"",INDEX('Milestone Tracker – IHP'!$F:$F,79)) | G77: =IF(ISBLANK(INDEX('Milestone Tracker – IHP'!#REF!,79)),"",INDEX('Milestone Tracker – IHP'!#REF!,79)) -> #REF! | H77: =IF(ISBLANK(INDEX('Milestone Tracker – IHP'!$G:$G,79)),"",INDEX('Milestone Tracker – IHP'!$G:$G,79)) | I77: =IF(ISBLANK(INDEX('Milestone Tracker – IHP'!$H:$H,79)),"",INDEX('Milestone Tracker – IHP'!$H:$H,79)) | J77: =IF(ISBLANK(INDEX('Milestone Tracker – IHP'!#REF!,79)),"",INDEX('Milestone Tracker – IHP'!#REF!,79)) -> #REF! | K77: =IF(LEFT($E77,9)="Milestone",1,0) -> 0 | L77: =L76+K77 -> 0
A78: 80 | B78: =IF(ISBLANK(INDEX('Milestone Tracker – IHP'!$B:$B,80)),B77,INDEX('Milestone Tracker – IHP'!$B:$B,80)) -> 0 | C78: =IF(ISBLANK(INDEX('Milestone Tracker – IHP'!$C:$C,80)),C77,INDEX('Milestone Tracker – IHP'!$C:$C,80)) -> 0 | D78: =IF(ISBLANK(INDEX('Milestone Tracker – IHP'!$D:$D,80)),D77,INDEX('Milestone Tracker – IHP'!$D:$D,80)) -> 0 | E78: =IF(ISBLANK(INDEX('Milestone Tracker – IHP'!$E:$E,80)),"",INDEX('Milestone Tracker – IHP'!$E:$E,80)) | F78: =IF(ISBLANK(INDEX('Milestone Tracker – IHP'!$F:$F,80)),"",INDEX('Milestone Tracker – IHP'!$F:$F,80)) | G78: =IF(ISBLANK(INDEX('Milestone Tracker – IHP'!#REF!,80)),"",INDEX('Milestone Tracker – IHP'!#REF!,80)) -> #REF! | H78: =IF(ISBLANK(INDEX('Milestone Tracker – IHP'!$G:$G,80)),"",INDEX('Milestone Tracker – IHP'!$G:$G,80)) | I78: =IF(ISBLANK(INDEX('Milestone Tracker – IHP'!$H:$H,80)),"",INDEX('Milestone Tracker – IHP'!$H:$H,80)) | J78: =IF(ISBLANK(INDEX('Milestone Tracker – IHP'!#REF!,80)),"",INDEX('Milestone Tracker – IHP'!#REF!,80)) -> #REF! | K78: =IF(LEFT($E78,9)="Milestone",1,0) -> 0 | L78: =L77+K78 -> 0
A79: 81 | B79: =IF(ISBLANK(INDEX('Milestone Tracker – IHP'!$B:$B,81)),B78,INDEX('Milestone Tracker – IHP'!$B:$B,81)) -> 0 | C79: =IF(ISBLANK(INDEX('Milestone Tracker – IHP'!$C:$C,81)),C78,INDEX('Milestone Tracker – IHP'!$C:$C,81)) -> 0 | D79: =IF(ISBLANK(INDEX('Milestone Tracker – IHP'!$D:$D,81)),D78,INDEX('Milestone Tracker – IHP'!$D:$D,81)) -> 0 | E79: =IF(ISBLANK(INDEX('Milestone Tracker – IHP'!$E:$E,81)),"",INDEX('Milestone Tracker – IHP'!$E:$E,81)) | F79: =IF(ISBLANK(INDEX('Milestone Tracker – IHP'!$F:$F,81)),"",INDEX('Milestone Tracker – IHP'!$F:$F,81)) | G79: =IF(ISBLANK(INDEX('Milestone Tracker – IHP'!#REF!,81)),"",INDEX('Milestone Tracker – IHP'!#REF!,81)) -> #REF! | H79: =IF(ISBLANK(INDEX('Milestone Tracker – IHP'!$G:$G,81)),"",INDEX('Milestone Tracker – IHP'!$G:$G,81)) | I79: =IF(ISBLANK(INDEX('Milestone Tracker – IHP'!$H:$H,81)),"",INDEX('Milestone Tracker – IHP'!$H:$H,81)) | J79: =IF(ISBLANK(INDEX('Milestone Tracker – IHP'!#REF!,81)),"",INDEX('Milestone Tracker – IHP'!#REF!,81)) -> #REF! | K79: =IF(LEFT($E79,9)="Milestone",1,0) -> 0 | L79: =L78+K79 -> 0
A80: 82 | B80: =IF(ISBLANK(INDEX('Milestone Tracker – IHP'!$B:$B,82)),B79,INDEX('Milestone Tracker – IHP'!$B:$B,82)) -> 0 | C80: =IF(ISBLANK(INDEX('Milestone Tracker – IHP'!$C:$C,82)),C79,INDEX('Milestone Tracker – IHP'!$C:$C,82)) -> 0 | D80: =IF(ISBLANK(INDEX('Milestone Tracker – IHP'!$D:$D,82)),D79,INDEX('Milestone Tracker – IHP'!$D:$D,82)) -> 0 | E80: =IF(ISBLANK(INDEX('Milestone Tracker – IHP'!$E:$E,82)),"",INDEX('Milestone Tracker – IHP'!$E:$E,82)) | F80: =IF(ISBLANK(INDEX('Milestone Tracker – IHP'!$F:$F,82)),"",INDEX('Milestone Tracker – IHP'!$F:$F,82)) | G80: =IF(ISBLANK(INDEX('Milestone Tracker – IHP'!#REF!,82)),"",INDEX('Milestone Tracker – IHP'!#REF!,82)) -> #REF! | H80: =IF(ISBLANK(INDEX('Milestone Tracker – IHP'!$G:$G,82)),"",INDEX('Milestone Tracker – IHP'!$G:$G,82)) | I80: =IF(ISBLANK(INDEX('Milestone Tracker – IHP'!$H:$H,82)),"",INDEX('Milestone Tracker – IHP'!$H:$H,82)) | J80: =IF(ISBLANK(INDEX('Milestone Tracker – IHP'!#REF!,82)),"",INDEX('Milestone Tracker – IHP'!#REF!,82)) -> #REF! | K80: =IF(LEFT($E80,9)="Milestone",1,0) -> 0 | L80: =L79+K80 -> 0
A81: 83 | B81: =IF(ISBLANK(INDEX('Milestone Tracker – IHP'!$B:$B,83)),B80,INDEX('Milestone Tracker – IHP'!$B:$B,83)) -> 0 | C81: =IF(ISBLANK(INDEX('Milestone Tracker – IHP'!$C:$C,83)),C80,INDEX('Milestone Tracker – IHP'!$C:$C,83)) -> 0 | D81: =IF(ISBLANK(INDEX('Milestone Tracker – IHP'!$D:$D,83)),D80,INDEX('Milestone Tracker – IHP'!$D:$D,83)) -> 0 | E81: =IF(ISBLANK(INDEX('Milestone Tracker – IHP'!$E:$E,83)),"",INDEX('Milestone Tracker – IHP'!$E:$E,83)) | F81: =IF(ISBLANK(INDEX('Milestone Tracker – IHP'!$F:$F,83)),"",INDEX('Milestone Tracker – IHP'!$F:$F,83)) | G81: =IF(ISBLANK(INDEX('Milestone Tracker – IHP'!#REF!,83)),"",INDEX('Milestone Tracker – IHP'!#REF!,83)) -> #REF! | H81: =IF(ISBLANK(INDEX('Milestone Tracker – IHP'!$G:$G,83)),"",INDEX('Milestone Tracker – IHP'!$G:$G,83)) | I81: =IF(ISBLANK(INDEX('Milestone Tracker – IHP'!$H:$H,83)),"",INDEX('Milestone Tracker – IHP'!$H:$H,83)) | J81: =IF(ISBLANK(INDEX('Milestone Tracker – IHP'!#REF!,83)),"",INDEX('Milestone Tracker – IHP'!#REF!,83)) -> #REF! | K81: =IF(LEFT($E81,9)="Milestone",1,0) -> 0 | L81: =L80+K81 -> 0
A82: 84 | B82: =IF(ISBLANK(INDEX('Milestone Tracker – IHP'!$B:$B,84)),B81,INDEX('Milestone Tracker – IHP'!$B:$B,84)) -> 0 | C82: =IF(ISBLANK(INDEX('Milestone Tracker – IHP'!$C:$C,84)),C81,INDEX('Milestone Tracker – IHP'!$C:$C,84)) -> 0 | D82: =IF(ISBLANK(INDEX('Milestone Tracker – IHP'!$D:$D,84)),D81,INDEX('Milestone Tracker – IHP'!$D:$D,84)) -> 0 | E82: =IF(ISBLANK(INDEX('Milestone Tracker – IHP'!$E:$E,84)),"",INDEX('Milestone Tracker – IHP'!$E:$E,84)) | F82: =IF(ISBLANK(INDEX('Milestone Tracker – IHP'!$F:$F,84)),"",INDEX('Milestone Tracker – IHP'!$F:$F,84)) | G82: =IF(ISBLANK(INDEX('Milestone Tracker – IHP'!#REF!,84)),"",INDEX('Milestone Tracker – IHP'!#REF!,84)) -> #REF! | H82: =IF(ISBLANK(INDEX('Milestone Tracker – IHP'!$G:$G,84)),"",INDEX('Milestone Tracker – IHP'!$G:$G,84)) | I82: =IF(ISBLANK(INDEX('Milestone Tracker – IHP'!$H:$H,84)),"",INDEX('Milestone Tracker – IHP'!$H:$H,84)) | J82: =IF(ISBLANK(INDEX('Milestone Tracker – IHP'!#REF!,84)),"",INDEX('Milestone Tracker – IHP'!#REF!,84)) -> #REF! | K82: =IF(LEFT($E82,9)="Milestone",1,0) -> 0 | L82: =L81+K82 -> 0
A83: 85 | B83: =IF(ISBLANK(INDEX('Milestone Tracker – IHP'!$B:$B,85)),B82,INDEX('Milestone Tracker – IHP'!$B:$B,85)) -> 0 | C83: =IF(ISBLANK(INDEX('Milestone Tracker – IHP'!$C:$C,85)),C82,INDEX('Milestone Tracker – IHP'!$C:$C,85)) -> 0 | D83: =IF(ISBLANK(INDEX('Milestone Tracker – IHP'!$D:$D,85)),D82,INDEX('Milestone Tracker – IHP'!$D:$D,85)) -> 0 | E83: =IF(ISBLANK(INDEX('Milestone Tracker – IHP'!$E:$E,85)),"",INDEX('Milestone Tracker – IHP'!$E:$E,85)) | F83: =IF(ISBLANK(INDEX('Milestone Tracker – IHP'!$F:$F,85)),"",INDEX('Milestone Tracker – IHP'!$F:$F,85)) | G83: =IF(ISBLANK(INDEX('Milestone Tracker – IHP'!#REF!,85)),"",INDEX('Milestone Tracker – IHP'!#REF!,85)) -> #REF! | H83: =IF(ISBLANK(INDEX('Milestone Tracker – IHP'!$G:$G,85)),"",INDEX('Milestone Tracker – IHP'!$G:$G,85)) | I83: =IF(ISBLANK(INDEX('Milestone Tracker – IHP'!$H:$H,85)),"",INDEX('Milestone Tracker – IHP'!$H:$H,85)) | J83: =IF(ISBLANK(INDEX('Milestone Tracker – IHP'!#REF!,85)),"",INDEX('Milestone Tracker – IHP'!#REF!,85)) -> #REF! | K83: =IF(LEFT($E83,9)="Milestone",1,0) -> 0 | L83: =L82+K83 -> 0
A84: 86 | B84: =IF(ISBLANK(INDEX('Milestone Tracker – IHP'!$B:$B,86)),B83,INDEX('Milestone Tracker – IHP'!$B:$B,86)) -> 0 | C84: =IF(ISBLANK(INDEX('Milestone Tracker – IHP'!$C:$C,86)),C83,INDEX('Milestone Tracker – IHP'!$C:$C,86)) -> 0 | D84: =IF(ISBLANK(INDEX('Milestone Tracker – IHP'!$D:$D,86)),D83,INDEX('Milestone Tracker – IHP'!$D:$D,86)) -> 0 | E84: =IF(ISBLANK(INDEX('Milestone Tracker – IHP'!$E:$E,86)),"",INDEX('Milestone Tracker – IHP'!$E:$E,86)) | F84: =IF(ISBLANK(INDEX('Milestone Tracker – IHP'!$F:$F,86)),"",INDEX('Milestone Tracker – IHP'!$F:$F,86)) | G84: =IF(ISBLANK(INDEX('Milestone Tracker – IHP'!#REF!,86)),"",INDEX('Milestone Tracker – IHP'!#REF!,86)) -> #REF! | H84: =IF(ISBLANK(INDEX('Milestone Tracker – IHP'!$G:$G,86)),"",INDEX('Milestone Tracker – IHP'!$G:$G,86)) | I84: =IF(ISBLANK(INDEX('Milestone Tracker – IHP'!$H:$H,86)),"",INDEX('Milestone Tracker – IHP'!$H:$H,86)) | J84: =IF(ISBLANK(INDEX('Milestone Tracker – IHP'!#REF!,86)),"",INDEX('Milestone Tracker – IHP'!#REF!,86)) -> #REF! | K84: =IF(LEFT($E84,9)="Milestone",1,0) -> 0 | L84: =L83+K84 -> 0
A85: 87 | B85: =IF(ISBLANK(INDEX('Milestone Tracker – IHP'!$B:$B,87)),B84,INDEX('Milestone Tracker – IHP'!$B:$B,87)) -> 0 | C85: =IF(ISBLANK(INDEX('Milestone Tracker – IHP'!$C:$C,87)),C84,INDEX('Milestone Tracker – IHP'!$C:$C,87)) -> 0 | D85: =IF(ISBLANK(INDEX('Milestone Tracker – IHP'!$D:$D,87)),D84,INDEX('Milestone Tracker – IHP'!$D:$D,87)) -> 0 | E85: =IF(ISBLANK(INDEX('Milestone Tracker – IHP'!$E:$E,87)),"",INDEX('Milestone Tracker – IHP'!$E:$E,87)) | F85: =IF(ISBLANK(INDEX('Milestone Tracker – IHP'!$F:$F,87)),"",INDEX('Milestone Tracker – IHP'!$F:$F,87)) | G85: =IF(ISBLANK(INDEX('Milestone Tracker – IHP'!#REF!,87)),"",INDEX('Milestone Tracker – IHP'!#REF!,87)) -> #REF! | H85: =IF(ISBLANK(INDEX('Milestone Tracker – IHP'!$G:$G,87)),"",INDEX('Milestone Tracker – IHP'!$G:$G,87)) | I85: =IF(ISBLANK(INDEX('Milestone Tracker – IHP'!$H:$H,87)),"",INDEX('Milestone Tracker – IHP'!$H:$H,87)) | J85: =IF(ISBLANK(INDEX('Milestone Tracker – IHP'!#REF!,87)),"",INDEX('Milestone Tracker – IHP'!#REF!,87)) -> #REF! | K85: =IF(LEFT($E85,9)="Milestone",1,0) -> 0 | L85: =L84+K85 -> 0
A86: 88 | B86: =IF(ISBLANK(INDEX('Milestone Tracker – IHP'!$B:$B,88)),B85,INDEX('Milestone Tracker – IHP'!$B:$B,88)) -> 0 | C86: =IF(ISBLANK(INDEX('Milestone Tracker – IHP'!$C:$C,88)),C85,INDEX('Milestone Tracker – IHP'!$C:$C,88)) -> 0 | D86: =IF(ISBLANK(INDEX('Milestone Tracker – IHP'!$D:$D,88)),D85,INDEX('Milestone Tracker – IHP'!$D:$D,88)) -> 0 | E86: =IF(ISBLANK(INDEX('Milestone Tracker – IHP'!$E:$E,88)),"",INDEX('Milestone Tracker – IHP'!$E:$E,88)) | F86: =IF(ISBLANK(INDEX('Milestone Tracker – IHP'!$F:$F,88)),"",INDEX('Milestone Tracker – IHP'!$F:$F,88)) | G86: =IF(ISBLANK(INDEX('Milestone Tracker – IHP'!#REF!,88)),"",INDEX('Milestone Tracker – IHP'!#REF!,88)) -> #REF! | H86: =IF(ISBLANK(INDEX('Milestone Tracker – IHP'!$G:$G,88)),"",INDEX('Milestone Tracker – IHP'!$G:$G,88)) | I86: =IF(ISBLANK(INDEX('Milestone Tracker – IHP'!$H:$H,88)),"",INDEX('Milestone Tracker – IHP'!$H:$H,88)) | J86: =IF(ISBLANK(INDEX('Milestone Tracker – IHP'!#REF!,88)),"",INDEX('Milestone Tracker – IHP'!#REF!,88)) -> #REF! | K86: =IF(LEFT($E86,9)="Milestone",1,0) -> 0 | L86: =L85+K86 -> 0
A87: 89 | B87: =IF(ISBLANK(INDEX('Milestone Tracker – IHP'!$B:$B,89)),B86,INDEX('Milestone Tracker – IHP'!$B:$B,89)) -> 0 | C87: =IF(ISBLANK(INDEX('Milestone Tracker – IHP'!$C:$C,89)),C86,INDEX('Milestone Tracker – IHP'!$C:$C,89)) -> 0 | D87: =IF(ISBLANK(INDEX('Milestone Tracker – IHP'!$D:$D,89)),D86,INDEX('Milestone Tracker – IHP'!$D:$D,89)) -> 0 | E87: =IF(ISBLANK(INDEX('Milestone Tracker – IHP'!$E:$E,89)),"",INDEX('Milestone Tracker – IHP'!$E:$E,89)) | F87: =IF(ISBLANK(INDEX('Milestone Tracker – IHP'!$F:$F,89)),"",INDEX('Milestone Tracker – IHP'!$F:$F,89)) | G87: =IF(ISBLANK(INDEX('Milestone Tracker – IHP'!#REF!,89)),"",INDEX('Milestone Tracker – IHP'!#REF!,89)) -> #REF! | H87: =IF(ISBLANK(INDEX('Milestone Tracker – IHP'!$G:$G,89)),"",INDEX('Milestone Tracker – IHP'!$G:$G,89)) | I87: =IF(ISBLANK(INDEX('Milestone Tracker – IHP'!$H:$H,89)),"",INDEX('Milestone Tracker – IHP'!$H:$H,89)) | J87: =IF(ISBLANK(INDEX('Milestone Tracker – IHP'!#REF!,89)),"",INDEX('Milestone Tracker – IHP'!#REF!,89)) -> #REF! | K87: =IF(LEFT($E87,9)="Milestone",1,0) -> 0 | L87: =L86+K87 -> 0
A88: 90 | B88: =IF(ISBLANK(INDEX('Milestone Tracker – IHP'!$B:$B,90)),B87,INDEX('Milestone Tracker – IHP'!$B:$B,90)) -> 0 | C88: =IF(ISBLANK(INDEX('Milestone Tracker – IHP'!$C:$C,90)),C87,INDEX('Milestone Tracker – IHP'!$C:$C,90)) -> 0 | D88: =IF(ISBLANK(INDEX('Milestone Tracker – IHP'!$D:$D,90)),D87,INDEX('Milestone Tracker – IHP'!$D:$D,90)) -> 0 | E88: =IF(ISBLANK(INDEX('Milestone Tracker – IHP'!$E:$E,90)),"",INDEX('Milestone Tracker – IHP'!$E:$E,90)) | F88: =IF(ISBLANK(INDEX('Milestone Tracker – IHP'!$F:$F,90)),"",INDEX('Milestone Tracker – IHP'!$F:$F,90)) | G88: =IF(ISBLANK(INDEX('Milestone Tracker – IHP'!#REF!,90)),"",INDEX('Milestone Tracker – IHP'!#REF!,90)) -> #REF! | H88: =IF(ISBLANK(INDEX('Milestone Tracker – IHP'!$G:$G,90)),"",INDEX('Milestone Tracker – IHP'!$G:$G,90)) | I88: =IF(ISBLANK(INDEX('Milestone Tracker – IHP'!$H:$H,90)),"",INDEX('Milestone Tracker – IHP'!$H:$H,90)) | J88: =IF(ISBLANK(INDEX('Milestone Tracker – IHP'!#REF!,90)),"",INDEX('Milestone Tracker – IHP'!#REF!,90)) -> #REF! | K88: =IF(LEFT($E88,9)="Milestone",1,0) -> 0 | L88: =L87+K88 -> 0
A89: 91 | B89: =IF(ISBLANK(INDEX('Milestone Tracker – IHP'!$B:$B,91)),B88,INDEX('Milestone Tracker – IHP'!$B:$B,91)) -> 0 | C89: =IF(ISBLANK(INDEX('Milestone Tracker – IHP'!$C:$C,91)),C88,INDEX('Milestone Tracker – IHP'!$C:$C,91)) -> 0 | D89: =IF(ISBLANK(INDEX('Milestone Tracker – IHP'!$D:$D,91)),D88,INDEX('Milestone Tracker – IHP'!$D:$D,91)) -> 0 | E89: =IF(ISBLANK(INDEX('Milestone Tracker – IHP'!$E:$E,91)),"",INDEX('Milestone Tracker – IHP'!$E:$E,91)) | F89: =IF(ISBLANK(INDEX('Milestone Tracker – IHP'!$F:$F,91)),"",INDEX('Milestone Tracker – IHP'!$F:$F,91)) | G89: =IF(ISBLANK(INDEX('Milestone Tracker – IHP'!#REF!,91)),"",INDEX('Milestone Tracker – IHP'!#REF!,91)) -> #REF! | H89: =IF(ISBLANK(INDEX('Milestone Tracker – IHP'!$G:$G,91)),"",INDEX('Milestone Tracker – IHP'!$G:$G,91)) | I89: =IF(ISBLANK(INDEX('Milestone Tracker – IHP'!$H:$H,91)),"",INDEX('Milestone Tracker – IHP'!$H:$H,91)) | J89: =IF(ISBLANK(INDEX('Milestone Tracker – IHP'!#REF!,91)),"",INDEX('Milestone Tracker – IHP'!#REF!,91)) -> #REF! | K89: =IF(LEFT($E89,9)="Milestone",1,0) -> 0 | L89: =L88+K89 -> 0
A90: 92 | B90: =IF(ISBLANK(INDEX('Milestone Tracker – IHP'!$B:$B,92)),B89,INDEX('Milestone Tracker – IHP'!$B:$B,92)) -> 0 | C90: =IF(ISBLANK(INDEX('Milestone Tracker – IHP'!$C:$C,92)),C89,INDEX('Milestone Tracker – IHP'!$C:$C,92)) -> 0 | D90: =IF(ISBLANK(INDEX('Milestone Tracker – IHP'!$D:$D,92)),D89,INDEX('Milestone Tracker – IHP'!$D:$D,92)) -> 0 | E90: =IF(ISBLANK(INDEX('Milestone Tracker – IHP'!$E:$E,92)),"",INDEX('Milestone Tracker – IHP'!$E:$E,92)) | F90: =IF(ISBLANK(INDEX('Milestone Tracker – IHP'!$F:$F,92)),"",INDEX('Milestone Tracker – IHP'!$F:$F,92)) | G90: =IF(ISBLANK(INDEX('Milestone Tracker – IHP'!#REF!,92)),"",INDEX('Milestone Tracker – IHP'!#REF!,92)) -> #REF! | H90: =IF(ISBLANK(INDEX('Milestone Tracker – IHP'!$G:$G,92)),"",INDEX('Milestone Tracker – IHP'!$G:$G,92)) | I90: =IF(ISBLANK(INDEX('Milestone Tracker – IHP'!$H:$H,92)),"",INDEX('Milestone Tracker – IHP'!$H:$H,92)) | J90: =IF(ISBLANK(INDEX('Milestone Tracker – IHP'!#REF!,92)),"",INDEX('Milestone Tracker – IHP'!#REF!,92)) -> #REF! | K90: =IF(LEFT($E90,9)="Milestone",1,0) -> 0 | L90: =L89+K90 -> 0
A91: 93 | B91: =IF(ISBLANK(INDEX('Milestone Tracker – IHP'!$B:$B,93)),B90,INDEX('Milestone Tracker – IHP'!$B:$B,93)) -> 0 | C91: =IF(ISBLANK(INDEX('Milestone Tracker – IHP'!$C:$C,93)),C90,INDEX('Milestone Tracker – IHP'!$C:$C,93)) -> 0 | D91: =IF(ISBLANK(INDEX('Milestone Tracker – IHP'!$D:$D,93)),D90,INDEX('Milestone Tracker – IHP'!$D:$D,93)) -> 0 | E91: =IF(ISBLANK(INDEX('Milestone Tracker – IHP'!$E:$E,93)),"",INDEX('Milestone Tracker – IHP'!$E:$E,93)) | F91: =IF(ISBLANK(INDEX('Milestone Tracker – IHP'!$F:$F,93)),"",INDEX('Milestone Tracker – IHP'!$F:$F,93)) | G91: =IF(ISBLANK(INDEX('Milestone Tracker – IHP'!#REF!,93)),"",INDEX('Milestone Tracker – IHP'!#REF!,93)) -> #REF! | H91: =IF(ISBLANK(INDEX('Milestone Tracker – IHP'!$G:$G,93)),"",INDEX('Milestone Tracker – IHP'!$G:$G,93)) | I91: =IF(ISBLANK(INDEX('Milestone Tracker – IHP'!$H:$H,93)),"",INDEX('Milestone Tracker – IHP'!$H:$H,93)) | J91: =IF(ISBLANK(INDEX('Milestone Tracker – IHP'!#REF!,93)),"",INDEX('Milestone Tracker – IHP'!#REF!,93)) -> #REF! | K91: =IF(LEFT($E91,9)="Milestone",1,0) -> 0 | L91: =L90+K91 -> 0
A92: 94 | B92: =IF(ISBLANK(INDEX('Milestone Tracker – IHP'!$B:$B,94)),B91,INDEX('Milestone Tracker – IHP'!$B:$B,94)) -> 0 | C92: =IF(ISBLANK(INDEX('Milestone Tracker – IHP'!$C:$C,94)),C91,INDEX('Milestone Tracker – IHP'!$C:$C,94)) -> 0 | D92: =IF(ISBLANK(INDEX('Milestone Tracker – IHP'!$D:$D,94)),D91,INDEX('Milestone Tracker – IHP'!$D:$D,94)) -> 0 | E92: =IF(ISBLANK(INDEX('Milestone Tracker – IHP'!$E:$E,94)),"",INDEX('Milestone Tracker – IHP'!$E:$E,94)) | F92: =IF(ISBLANK(INDEX('Milestone Tracker – IHP'!$F:$F,94)),"",INDEX('Milestone Tracker – IHP'!$F:$F,94)) | G92: =IF(ISBLANK(INDEX('Milestone Tracker – IHP'!#REF!,94)),"",INDEX('Milestone Tracker – IHP'!#REF!,94)) -> #REF! | H92: =IF(ISBLANK(INDEX('Milestone Tracker – IHP'!$G:$G,94)),"",INDEX('Milestone Tracker – IHP'!$G:$G,94)) | I92: =IF(ISBLANK(INDEX('Milestone Tracker – IHP'!$H:$H,94)),"",INDEX('Milestone Tracker – IHP'!$H:$H,94)) | J92: =IF(ISBLANK(INDEX('Milestone Tracker – IHP'!#REF!,94)),"",INDEX('Milestone Tracker – IHP'!#REF!,94)) -> #REF! | K92: =IF(LEFT($E92,9)="Milestone",1,0) -> 0 | L92: =L91+K92 -> 0
A93: 95 | B93: =IF(ISBLANK(INDEX('Milestone Tracker – IHP'!$B:$B,95)),B92,INDEX('Milestone Tracker – IHP'!$B:$B,95)) -> 0 | C93: =IF(ISBLANK(INDEX('Milestone Tracker – IHP'!$C:$C,95)),C92,INDEX('Milestone Tracker – IHP'!$C:$C,95)) -> 0 | D93: =IF(ISBLANK(INDEX('Milestone Tracker – IHP'!$D:$D,95)),D92,INDEX('Milestone Tracker – IHP'!$D:$D,95)) -> 0 | E93: =IF(ISBLANK(INDEX('Milestone Tracker – IHP'!$E:$E,95)),"",INDEX('Milestone Tracker – IHP'!$E:$E,95)) | F93: =IF(ISBLANK(INDEX('Milestone Tracker – IHP'!$F:$F,95)),"",INDEX('Milestone Tracker – IHP'!$F:$F,95)) | G93: =IF(ISBLANK(INDEX('Milestone Tracker – IHP'!#REF!,95)),"",INDEX('Milestone Tracker – IHP'!#REF!,95)) -> #REF! | H93: =IF(ISBLANK(INDEX('Milestone Tracker – IHP'!$G:$G,95)),"",INDEX('Milestone Tracker – IHP'!$G:$G,95)) | I93: =IF(ISBLANK(INDEX('Milestone Tracker – IHP'!$H:$H,95)),"",INDEX('Milestone Tracker – IHP'!$H:$H,95)) | J93: =IF(ISBLANK(INDEX('Milestone Tracker – IHP'!#REF!,95)),"",INDEX('Milestone Tracker – IHP'!#REF!,95)) -> #REF! | K93: =IF(LEFT($E93,9)="Milestone",1,0) -> 0 | L93: =L92+K93 -> 0
A94: 96 | B94: =IF(ISBLANK(INDEX('Milestone Tracker – IHP'!$B:$B,96)),B93,INDEX('Milestone Tracker – IHP'!$B:$B,96)) -> 0 | C94: =IF(ISBLANK(INDEX('Milestone Tracker – IHP'!$C:$C,96)),C93,INDEX('Milestone Tracker – IHP'!$C:$C,96)) -> 0 | D94: =IF(ISBLANK(INDEX('Milestone Tracker – IHP'!$D:$D,96)),D93,INDEX('Milestone Tracker – IHP'!$D:$D,96)) -> 0 | E94: =IF(ISBLANK(INDEX('Milestone Tracker – IHP'!$E:$E,96)),"",INDEX('Milestone Tracker – IHP'!$E:$E,96)) | F94: =IF(ISBLANK(INDEX('Milestone Tracker – IHP'!$F:$F,96)),"",INDEX('Milestone Tracker – IHP'!$F:$F,96)) | G94: =IF(ISBLANK(INDEX('Milestone Tracker – IHP'!#REF!,96)),"",INDEX('Milestone Tracker – IHP'!#REF!,96)) -> #REF! | H94: =IF(ISBLANK(INDEX('Milestone Tracker – IHP'!$G:$G,96)),"",INDEX('Milestone Tracker – IHP'!$G:$G,96)) | I94: =IF(ISBLANK(INDEX('Milestone Tracker – IHP'!$H:$H,96)),"",INDEX('Milestone Tracker – IHP'!$H:$H,96)) | J94: =IF(ISBLANK(INDEX('Milestone Tracker – IHP'!#REF!,96)),"",INDEX('Milestone Tracker – IHP'!#REF!,96)) -> #REF! | K94: =IF(LEFT($E94,9)="Milestone",1,0) -> 0 | L94: =L93+K94 -> 0
A95: 97 | B95: =IF(ISBLANK(INDEX('Milestone Tracker – IHP'!$B:$B,97)),B94,INDEX('Milestone Tracker – IHP'!$B:$B,97)) -> 0 | C95: =IF(ISBLANK(INDEX('Milestone Tracker – IHP'!$C:$C,97)),C94,INDEX('Milestone Tracker – IHP'!$C:$C,97)) -> 0 | D95: =IF(ISBLANK(INDEX('Milestone Tracker – IHP'!$D:$D,97)),D94,INDEX('Milestone Tracker – IHP'!$D:$D,97)) -> 0 | E95: =IF(ISBLANK(INDEX('Milestone Tracker – IHP'!$E:$E,97)),"",INDEX('Milestone Tracker – IHP'!$E:$E,97)) | F95: =IF(ISBLANK(INDEX('Milestone Tracker – IHP'!$F:$F,97)),"",INDEX('Milestone Tracker – IHP'!$F:$F,97)) | G95: =IF(ISBLANK(INDEX('Milestone Tracker – IHP'!#REF!,97)),"",INDEX('Milestone Tracker – IHP'!#REF!,97)) -> #REF! | H95: =IF(ISBLANK(INDEX('Milestone Tracker – IHP'!$G:$G,97)),"",INDEX('Milestone Tracker – IHP'!$G:$G,97)) | I95: =IF(ISBLANK(INDEX('Milestone Tracker – IHP'!$H:$H,97)),"",INDEX('Milestone Tracker – IHP'!$H:$H,97)) | J95: =IF(ISBLANK(INDEX('Milestone Tracker – IHP'!#REF!,97)),"",INDEX('Milestone Tracker – IHP'!#REF!,97)) -> #REF! | K95: =IF(LEFT($E95,9)="Milestone",1,0) -> 0 | L95: =L94+K95 -> 0
A96: 98 | B96: =IF(ISBLANK(INDEX('Milestone Tracker – IHP'!$B:$B,98)),B95,INDEX('Milestone Tracker – IHP'!$B:$B,98)) -> 0 | C96: =IF(ISBLANK(INDEX('Milestone Tracker – IHP'!$C:$C,98)),C95,INDEX('Milestone Tracker – IHP'!$C:$C,98)) -> 0 | D96: =IF(ISBLANK(INDEX('Milestone Tracker – IHP'!$D:$D,98)),D95,INDEX('Milestone Tracker – IHP'!$D:$D,98)) -> 0 | E96: =IF(ISBLANK(INDEX('Milestone Tracker – IHP'!$E:$E,98)),"",INDEX('Milestone Tracker – IHP'!$E:$E,98)) | F96: =IF(ISBLANK(INDEX('Milestone Tracker – IHP'!$F:$F,98)),"",INDEX('Milestone Tracker – IHP'!$F:$F,98)) | G96: =IF(ISBLANK(INDEX('Milestone Tracker – IHP'!#REF!,98)),"",INDEX('Milestone Tracker – IHP'!#REF!,98)) -> #REF! | H96: =IF(ISBLANK(INDEX('Milestone Tracker – IHP'!$G:$G,98)),"",INDEX('Milestone Tracker – IHP'!$G:$G,98)) | I96: =IF(ISBLANK(INDEX('Milestone Tracker – IHP'!$H:$H,98)),"",INDEX('Milestone Tracker – IHP'!$H:$H,98)) | J96: =IF(ISBLANK(INDEX('Milestone Tracker – IHP'!#REF!,98)),"",INDEX('Milestone Tracker – IHP'!#REF!,98)) -> #REF! | K96: =IF(LEFT($E96,9)="Milestone",1,0) -> 0 | L96: =L95+K96 -> 0
A97: 99 | B97: =IF(ISBLANK(INDEX('Milestone Tracker – IHP'!$B:$B,99)),B96,INDEX('Milestone Tracker – IHP'!$B:$B,99)) -> 0 | C97: =IF(ISBLANK(INDEX('Milestone Tracker – IHP'!$C:$C,99)),C96,INDEX('Milestone Tracker – IHP'!$C:$C,99)) -> 0 | D97: =IF(ISBLANK(INDEX('Milestone Tracker – IHP'!$D:$D,99)),D96,INDEX('Milestone Tracker – IHP'!$D:$D,99)) -> 0 | E97: =IF(ISBLANK(INDEX('Milestone Tracker – IHP'!$E:$E,99)),"",INDEX('Milestone Tracker – IHP'!$E:$E,99)) | F97: =IF(ISBLANK(INDEX('Milestone Tracker – IHP'!$F:$F,99)),"",INDEX('Milestone Tracker – IHP'!$F:$F,99)) | G97: =IF(ISBLANK(INDEX('Milestone Tracker – IHP'!#REF!,99)),"",INDEX('Milestone Tracker – IHP'!#REF!,99)) -> #REF! | H97: =IF(ISBLANK(INDEX('Milestone Tracker – IHP'!$G:$G,99)),"",INDEX('Milestone Tracker – IHP'!$G:$G,99)) | I97: =IF(ISBLANK(INDEX('Milestone Tracker – IHP'!$H:$H,99)),"",INDEX('Milestone Tracker – IHP'!$H:$H,99)) | J97: =IF(ISBLANK(INDEX('Milestone Tracker – IHP'!#REF!,99)),"",INDEX('Milestone Tracker – IHP'!#REF!,99)) -> #REF! | K97: =IF(LEFT($E97,9)="Milestone",1,0) -> 0 | L97: =L96+K97 -> 0
A98: 100 | B98: =IF(ISBLANK(INDEX('Milestone Tracker – IHP'!$B:$B,100)),B97,INDEX('Milestone Tracker – IHP'!$B:$B,100)) -> 0 | C98: =IF(ISBLANK(INDEX('Milestone Tracker – IHP'!$C:$C,100)),C97,INDEX('Milestone Tracker – IHP'!$C:$C,100)) -> 0 | D98: =IF(ISBLANK(INDEX('Milestone Tracker – IHP'!$D:$D,100)),D97,INDEX('Milestone Tracker – IHP'!$D:$D,100)) -> 0 | E98: =IF(ISBLANK(INDEX('Milestone Tracker – IHP'!$E:$E,100)),"",INDEX('Milestone Tracker – IHP'!$E:$E,100)) | F98: =IF(ISBLANK(INDEX('Milestone Tracker – IHP'!$F:$F,100)),"",INDEX('Milestone Tracker – IHP'!$F:$F,100)) | G98: =IF(ISBLANK(INDEX('Milestone Tracker – IHP'!#REF!,100)),"",INDEX('Milestone Tracker – IHP'!#REF!,100)) -> #REF! | H98: =IF(ISBLANK(INDEX('Milestone Tracker – IHP'!$G:$G,100)),"",INDEX('Milestone Tracker – IHP'!$G:$G,100)) | I98: =IF(ISBLANK(INDEX('Milestone Tracker – IHP'!$H:$H,100)),"",INDEX('Milestone Tracker – IHP'!$H:$H,100)) | J98: =IF(ISBLANK(INDEX('Milestone Tracker – IHP'!#REF!,100)),"",INDEX('Milestone Tracker – IHP'!#REF!,100)) -> #REF! | K98: =IF(LEFT($E98,9)="Milestone",1,0) -> 0 | L98: =L97+K98 -> 0
A99: 101 | B99: =IF(ISBLANK(INDEX('Milestone Tracker – IHP'!$B:$B,101)),B98,INDEX('Milestone Tracker – IHP'!$B:$B,101)) -> 0 | C99: =IF(ISBLANK(INDEX('Milestone Tracker – IHP'!$C:$C,101)),C98,INDEX('Milestone Tracker – IHP'!$C:$C,101)) -> 0 | D99: =IF(ISBLANK(INDEX('Milestone Tracker – IHP'!$D:$D,101)),D98,INDEX('Milestone Tracker – IHP'!$D:$D,101)) -> 0 | E99: =IF(ISBLANK(INDEX('Milestone Tracker – IHP'!$E:$E,101)),"",INDEX('Milestone Tracker – IHP'!$E:$E,101)) | F99: =IF(ISBLANK(INDEX('Milestone Tracker – IHP'!$F:$F,101)),"",INDEX('Milestone Tracker – IHP'!$F:$F,101)) | G99: =IF(ISBLANK(INDEX('Milestone Tracker – IHP'!#REF!,101)),"",INDEX('Milestone Tracker – IHP'!#REF!,101)) -> #REF! | H99: =IF(ISBLANK(INDEX('Milestone Tracker – IHP'!$G:$G,101)),"",INDEX('Milestone Tracker – IHP'!$G:$G,101)) | I99: =IF(ISBLANK(INDEX('Milestone Tracker – IHP'!$H:$H,101)),"",INDEX('Milestone Tracker – IHP'!$H:$H,101)) | J99: =IF(ISBLANK(INDEX('Milestone Tracker – IHP'!#REF!,101)),"",INDEX('Milestone Tracker – IHP'!#REF!,101)) -> #REF! | K99: =IF(LEFT($E99,9)="Milestone",1,0) -> 0 | L99: =L98+K99 -> 0
A100: 102 | B100: =IF(ISBLANK(INDEX('Milestone Tracker – IHP'!$B:$B,102)),B99,INDEX('Milestone Tracker – IHP'!$B:$B,102)) -> 0 | C100: =IF(ISBLANK(INDEX('Milestone Tracker – IHP'!$C:$C,102)),C99,INDEX('Milestone Tracker – IHP'!$C:$C,102)) -> 0 | D100: =IF(ISBLANK(INDEX('Milestone Tracker – IHP'!$D:$D,102)),D99,INDEX('Milestone Tracker – IHP'!$D:$D,102)) -> 0 | E100: =IF(ISBLANK(INDEX('Milestone Tracker – IHP'!$E:$E,102)),"",INDEX('Milestone Tracker – IHP'!$E:$E,102)) | F100: =IF(ISBLANK(INDEX('Milestone Tracker – IHP'!$F:$F,102)),"",INDEX('Milestone Tracker – IHP'!$F:$F,102)) | G100: =IF(ISBLANK(INDEX('Milestone Tracker – IHP'!#REF!,102)),"",INDEX('Milestone Tracker – IHP'!#REF!,102)) -> #REF! | H100: =IF(ISBLANK(INDEX('Milestone Tracker – IHP'!$G:$G,102)),"",INDEX('Milestone Tracker – IHP'!$G:$G,102)) | I100: =IF(ISBLANK(INDEX('Milestone Tracker – IHP'!$H:$H,102)),"",INDEX('Milestone Tracker – IHP'!$H:$H,102)) | J100: =IF(ISBLANK(INDEX('Milestone Tracker – IHP'!#REF!,102)),"",INDEX('Milestone Tracker – IHP'!#REF!,102)) -> #REF! | K100: =IF(LEFT($E100,9)="Milestone",1,0) -> 0 | L100: =L99+K100 -> 0
...
